InvoiceNo,StockCode,Description,Quantity,InvoiceDate,UnitPrice,Customer,Country
536365,85123.0,WHITE HANGING HEART T-LIGHT HOLDER,6,12/01/2010 08:26,2.55,17850.0,United Kingdom
536365,71053.0,WHITE METAL LANTERN,6,12/01/2010 08:26,3.39,17850.0,United Kingdom
536365,84406.0,CREAM CUPID HEARTS COAT HANGER,8,12/01/2010 08:26,2.75,17850.0,United Kingdom
536365,84029.0,KNITTED UNION FLAG HOT WATER BOTTLE,6,12/01/2010 08:26,3.39,17850.0,United Kingdom
536365,84029.0,RED WOOLLY HOTTIE WHITE HEART.,6,12/01/2010 08:26,3.39,17850.0,United Kingdom
536365,22752.0,SET 7 BABUSHKA NESTING BOXES,2,12/01/2010 08:26,7.65,17850.0,United Kingdom
536365,21730.0,GLASS STAR FROSTED T-LIGHT HOLDER,6,12/01/2010 08:26,4.25,17850.0,United Kingdom
536366,22633.0,HAND WARMER UNION JACK,6,12/01/2010 08:28,1.85,17850.0,United Kingdom
536366,22632.0,HAND WARMER RED POLKA DOT,6,12/01/2010 08:28,1.85,17850.0,United Kingdom
536367,84879.0,ASSORTED COLOUR BIRD ORNAMENT,32,12/01/2010 08:34,1.69,13047.0,United Kingdom
536367,22745.0,POPPY'S PLAYHOUSE BEDROOM ,6,12/01/2010 08:34,2.1,13047.0,United Kingdom
536367,22748.0,POPPY'S PLAYHOUSE KITCHEN,6,12/01/2010 08:34,2.1,13047.0,United Kingdom
536367,22749.0,FELTCRAFT PRINCESS CHARLOTTE DOLL,8,12/01/2010 08:34,3.75,13047.0,United Kingdom
536367,22310.0,IVORY KNITTED MUG COSY ,6,12/01/2010 08:34,1.65,13047.0,United Kingdom
536367,84969.0,BOX OF 6 ASSORTED COLOUR TEASPOONS,6,12/01/2010 08:34,4.25,13047.0,United Kingdom
536367,22623.0,BOX OF VINTAGE JIGSAW BLOCKS ,3,12/01/2010 08:34,4.95,13047.0,United Kingdom
536367,22622.0,BOX OF VINTAGE ALPHABET BLOCKS,2,12/01/2010 08:34,9.95,13047.0,United Kingdom
536367,21754.0,HOME BUILDING BLOCK WORD,3,12/01/2010 08:34,5.95,13047.0,United Kingdom
536367,21755.0,LOVE BUILDING BLOCK WORD,3,12/01/2010 08:34,5.95,13047.0,United Kingdom
536367,21777.0,RECIPE BOX WITH METAL HEART,4,12/01/2010 08:34,7.95,13047.0,United Kingdom
536367,48187.0,DOORMAT NEW ENGLAND,4,12/01/2010 08:34,7.95,13047.0,United Kingdom
536368,22960.0,JAM MAKING SET WITH JARS,6,12/01/2010 08:34,4.25,13047.0,United Kingdom
536368,22913.0,RED COAT RACK PARIS FASHION,3,12/01/2010 08:34,4.95,13047.0,United Kingdom
536368,22912.0,YELLOW COAT RACK PARIS FASHION,3,12/01/2010 08:34,4.95,13047.0,United Kingdom
536368,22914.0,BLUE COAT RACK PARIS FASHION,3,12/01/2010 08:34,4.95,13047.0,United Kingdom
536369,21756.0,BATH BUILDING BLOCK WORD,3,12/01/2010 08:35,5.95,13047.0,United Kingdom
536370,22728.0,ALARM CLOCK BAKELIKE PINK,24,12/01/2010 08:45,3.75,12583.0,France
536370,22727.0,ALARM CLOCK BAKELIKE RED ,24,12/01/2010 08:45,3.75,12583.0,France
536370,22726.0,ALARM CLOCK BAKELIKE GREEN,12,12/01/2010 08:45,3.75,12583.0,France
536370,21724.0,PANDA AND BUNNIES STICKER SHEET,12,12/01/2010 08:45,0.85,12583.0,France
536370,21883.0,STARS GIFT TAPE ,24,12/01/2010 08:45,0.65,12583.0,France
536370,10002.0,INFLATABLE POLITICAL GLOBE ,48,12/01/2010 08:45,0.85,12583.0,France
536370,21791.0,VINTAGE HEADS AND TAILS CARD GAME ,24,12/01/2010 08:45,1.25,12583.0,France
536370,21035.0,SET/2 RED RETROSPOT TEA TOWELS ,18,12/01/2010 08:45,2.95,12583.0,France
536370,22326.0,ROUND SNACK BOXES SET OF4 WOODLAND ,24,12/01/2010 08:45,2.95,12583.0,France
536370,22629.0,SPACEBOY LUNCH BOX ,24,12/01/2010 08:45,1.95,12583.0,France
536370,22659.0,LUNCH BOX I LOVE LONDON,24,12/01/2010 08:45,1.95,12583.0,France
536370,22631.0,CIRCUS PARADE LUNCH BOX ,24,12/01/2010 08:45,1.95,12583.0,France
536370,22661.0,CHARLOTTE BAG DOLLY GIRL DESIGN,20,12/01/2010 08:45,0.85,12583.0,France
536370,21731.0,RED TOADSTOOL LED NIGHT LIGHT,24,12/01/2010 08:45,1.65,12583.0,France
536370,22900.0, SET 2 TEA TOWELS I LOVE LONDON ,24,12/01/2010 08:45,2.95,12583.0,France
536370,21913.0,VINTAGE SEASIDE JIGSAW PUZZLES,12,12/01/2010 08:45,3.75,12583.0,France
536370,22540.0,MINI JIGSAW CIRCUS PARADE ,24,12/01/2010 08:45,0.42,12583.0,France
536370,22544.0,MINI JIGSAW SPACEBOY,24,12/01/2010 08:45,0.42,12583.0,France
536370,22492.0,MINI PAINT SET VINTAGE ,36,12/01/2010 08:45,0.65,12583.0,France
536370,22493.0,POSTAGE,3,12/01/2010 08:45,18.0,12583.0,France
536371,22086.0,PAPER CHAIN KIT 50'S CHRISTMAS ,80,12/01/2010 09:00,2.55,13748.0,United Kingdom
536372,22632.0,HAND WARMER RED POLKA DOT,6,12/01/2010 09:01,1.85,17850.0,United Kingdom
536372,22633.0,HAND WARMER UNION JACK,6,12/01/2010 09:01,1.85,17850.0,United Kingdom
536373,85123.0,WHITE HANGING HEART T-LIGHT HOLDER,6,12/01/2010 09:02,2.55,17850.0,United Kingdom
536373,71053.0,WHITE METAL LANTERN,6,12/01/2010 09:02,3.39,17850.0,United Kingdom
536373,84406.0,CREAM CUPID HEARTS COAT HANGER,8,12/01/2010 09:02,2.75,17850.0,United Kingdom
536373,20679.0,EDWARDIAN PARASOL RED,6,12/01/2010 09:02,4.95,17850.0,United Kingdom
536373,37370.0,RETRO COFFEE MUGS ASSORTED,6,12/01/2010 09:02,1.06,17850.0,United Kingdom
536373,21871.0,SAVE THE PLANET MUG,6,12/01/2010 09:02,1.06,17850.0,United Kingdom
536373,21071.0,VINTAGE BILLBOARD DRINK ME MUG,6,12/01/2010 09:02,1.06,17850.0,United Kingdom
536373,21068.0,VINTAGE BILLBOARD LOVE/HATE MUG,6,12/01/2010 09:02,1.06,17850.0,United Kingdom
536373,82483.0,WOOD 2 DRAWER CABINET WHITE FINISH,2,12/01/2010 09:02,4.95,17850.0,United Kingdom
536373,82486.0,WOOD S/3 CABINET ANT WHITE FINISH,4,12/01/2010 09:02,6.95,17850.0,United Kingdom
536373,82482.0,WOODEN PICTURE FRAME WHITE FINISH,6,12/01/2010 09:02,2.1,17850.0,United Kingdom
536373,82494.0,WOODEN FRAME ANTIQUE WHITE ,6,12/01/2010 09:02,2.55,17850.0,United Kingdom
536373,84029.0,KNITTED UNION FLAG HOT WATER BOTTLE,6,12/01/2010 09:02,3.39,17850.0,United Kingdom
536373,84029.0,RED WOOLLY HOTTIE WHITE HEART.,6,12/01/2010 09:02,3.39,17850.0,United Kingdom
536373,22752.0,SET 7 BABUSHKA NESTING BOXES,2,12/01/2010 09:02,7.65,17850.0,United Kingdom
536373,21730.0,GLASS STAR FROSTED T-LIGHT HOLDER,6,12/01/2010 09:02,4.25,17850.0,United Kingdom
536374,21258.0,VICTORIAN SEWING BOX LARGE,32,12/01/2010 09:09,10.95,15100.0,United Kingdom
536375,85123.0,WHITE HANGING HEART T-LIGHT HOLDER,6,12/01/2010 09:32,2.55,17850.0,United Kingdom
536375,71053.0,WHITE METAL LANTERN,6,12/01/2010 09:32,3.39,17850.0,United Kingdom
536375,84406.0,CREAM CUPID HEARTS COAT HANGER,8,12/01/2010 09:32,2.75,17850.0,United Kingdom
536375,20679.0,EDWARDIAN PARASOL RED,6,12/01/2010 09:32,4.95,17850.0,United Kingdom
536375,37370.0,RETRO COFFEE MUGS ASSORTED,6,12/01/2010 09:32,1.06,17850.0,United Kingdom
536375,21871.0,SAVE THE PLANET MUG,6,12/01/2010 09:32,1.06,17850.0,United Kingdom
536375,21071.0,VINTAGE BILLBOARD DRINK ME MUG,6,12/01/2010 09:32,1.06,17850.0,United Kingdom
536375,21068.0,VINTAGE BILLBOARD LOVE/HATE MUG,6,12/01/2010 09:32,1.06,17850.0,United Kingdom
536375,82483.0,WOOD 2 DRAWER CABINET WHITE FINISH,2,12/01/2010 09:32,4.95,17850.0,United Kingdom
536375,82486.0,WOOD S/3 CABINET ANT WHITE FINISH,4,12/01/2010 09:32,6.95,17850.0,United Kingdom
536375,82482.0,WOODEN PICTURE FRAME WHITE FINISH,6,12/01/2010 09:32,2.1,17850.0,United Kingdom
536375,82494.0,WOODEN FRAME ANTIQUE WHITE ,6,12/01/2010 09:32,2.55,17850.0,United Kingdom
536375,84029.0,KNITTED UNION FLAG HOT WATER BOTTLE,6,12/01/2010 09:32,3.39,17850.0,United Kingdom
536375,84029.0,RED WOOLLY HOTTIE WHITE HEART.,6,12/01/2010 09:32,3.39,17850.0,United Kingdom
536375,22752.0,SET 7 BABUSHKA NESTING BOXES,2,12/01/2010 09:32,7.65,17850.0,United Kingdom
536375,21730.0,GLASS STAR FROSTED T-LIGHT HOLDER,6,12/01/2010 09:32,4.25,17850.0,United Kingdom
536376,22114.0,HOT WATER BOTTLE TEA AND SYMPATHY,48,12/01/2010 09:32,3.45,15291.0,United Kingdom
536376,21733.0,RED HANGING HEART T-LIGHT HOLDER,64,12/01/2010 09:32,2.55,15291.0,United Kingdom
536377,22632.0,HAND WARMER RED POLKA DOT,6,12/01/2010 09:34,1.85,17850.0,United Kingdom
536377,22633.0,HAND WARMER UNION JACK,6,12/01/2010 09:34,1.85,17850.0,United Kingdom
536378,22386.0,JUMBO BAG PINK POLKADOT,10,12/01/2010 09:37,1.95,14688.0,United Kingdom
536378,85099.0,JUMBO  BAG BAROQUE BLACK WHITE,10,12/01/2010 09:37,1.95,14688.0,United Kingdom
536378,21033.0,JUMBO BAG CHARLIE AND LOLA TOYS,10,12/01/2010 09:37,2.95,14688.0,United Kingdom
536378,20723.0,STRAWBERRY CHARLOTTE BAG,10,12/01/2010 09:37,0.85,14688.0,United Kingdom
536378,84997.0,RED 3 PIECE RETROSPOT CUTLERY SET,12,12/01/2010 09:37,3.75,14688.0,United Kingdom
536378,84997.0,BLUE 3 PIECE POLKADOT CUTLERY SET,6,12/01/2010 09:37,3.75,14688.0,United Kingdom
536378,21094.0,SET/6 RED SPOTTY PAPER PLATES,12,12/01/2010 09:37,0.85,14688.0,United Kingdom
536378,20725.0,LUNCH BAG RED RETROSPOT,10,12/01/2010 09:37,1.65,14688.0,United Kingdom
536378,21559.0,STRAWBERRY LUNCH BOX WITH CUTLERY,6,12/01/2010 09:37,2.55,14688.0,United Kingdom
536378,22352.0,LUNCH BOX WITH CUTLERY RETROSPOT ,6,12/01/2010 09:37,2.55,14688.0,United Kingdom
536378,21212.0,PACK OF 72 RETROSPOT CAKE CASES,120,12/01/2010 09:37,0.42,14688.0,United Kingdom
536378,21975.0,PACK OF 60 DINOSAUR CAKE CASES,24,12/01/2010 09:37,0.55,14688.0,United Kingdom
536378,21977.0,PACK OF 60 PINK PAISLEY CAKE CASES,24,12/01/2010 09:37,0.55,14688.0,United Kingdom
536378,84991.0,60 TEATIME FAIRY CAKE CASES,24,12/01/2010 09:37,0.55,14688.0,United Kingdom
536378,84519.0,TOMATO CHARLIE+LOLA COASTER SET,6,12/01/2010 09:37,2.95,14688.0,United Kingdom
536378,85183.0,CHARLIE & LOLA WASTEPAPER BIN FLORA,48,12/01/2010 09:37,1.25,14688.0,United Kingdom
536378,85071.0,RED CHARLIE+LOLA PERSONAL DOORSIGN,96,12/01/2010 09:37,0.38,14688.0,United Kingdom
536378,21931.0,JUMBO STORAGE BAG SUKI,10,12/01/2010 09:37,1.95,14688.0,United Kingdom
536378,21929.0,JUMBO BAG PINK VINTAGE PAISLEY,10,12/01/2010 09:37,1.95,14688.0,United Kingdom
536380,22961.0,JAM MAKING SET PRINTED,24,12/01/2010 09:41,1.45,17809.0,United Kingdom
536381,22139.0,RETROSPOT TEA SET CERAMIC 11 PC ,23,12/01/2010 09:41,4.25,15311.0,United Kingdom
536381,84854.0,GIRLY PINK TOOL SET,5,12/01/2010 09:41,4.95,15311.0,United Kingdom
536381,22411.0,JUMBO SHOPPER VINTAGE RED PAISLEY,10,12/01/2010 09:41,1.95,15311.0,United Kingdom
536381,82567.0,"AIRLINE LOUNGE,METAL SIGN",2,12/01/2010 09:41,2.1,15311.0,United Kingdom
536381,21672.0,WHITE SPOT RED CERAMIC DRAWER KNOB,6,12/01/2010 09:41,1.25,15311.0,United Kingdom
536381,22774.0,RED DRAWER KNOB ACRYLIC EDWARDIAN,24,12/01/2010 09:41,1.25,15311.0,United Kingdom
536381,22771.0,CLEAR DRAWER KNOB ACRYLIC EDWARDIAN,24,12/01/2010 09:41,1.25,15311.0,United Kingdom
536381,71270.0,PHOTO CLIP LINE,1,12/01/2010 09:41,1.25,15311.0,United Kingdom
536381,22262.0,FELT EGG COSY CHICKEN,1,12/01/2010 09:41,0.85,15311.0,United Kingdom
536381,22637.0,PIGGY BANK RETROSPOT ,1,12/01/2010 09:41,2.55,15311.0,United Kingdom
536381,21934.0,SKULL SHOULDER BAG,10,12/01/2010 09:41,1.65,15311.0,United Kingdom
536381,21169.0,YOU'RE CONFUSING ME METAL SIGN ,3,12/01/2010 09:41,1.69,15311.0,United Kingdom
536381,21166.0,COOK WITH WINE METAL SIGN ,1,12/01/2010 09:41,1.95,15311.0,United Kingdom
536381,21175.0,GIN + TONIC DIET METAL SIGN,2,12/01/2010 09:41,2.1,15311.0,United Kingdom
536381,37444.0,YELLOW BREAKFAST CUP AND SAUCER,1,12/01/2010 09:41,2.95,15311.0,United Kingdom
536381,37444.0,PINK BREAKFAST CUP AND SAUCER ,1,12/01/2010 09:41,2.95,15311.0,United Kingdom
536381,22086.0,PAPER CHAIN KIT 50'S CHRISTMAS ,4,12/01/2010 09:41,2.95,15311.0,United Kingdom
536381,22083.0,PAPER CHAIN KIT RETROSPOT,1,12/01/2010 09:41,2.95,15311.0,United Kingdom
536381,84971.0,SMALL HEART FLOWERS HOOK ,6,12/01/2010 09:41,0.85,15311.0,United Kingdom
536381,71270.0,PHOTO CLIP LINE,3,12/01/2010 09:41,1.25,15311.0,United Kingdom
536381,47580.0,TEA TIME DES TEA COSY,2,12/01/2010 09:41,2.55,15311.0,United Kingdom
536381,22261.0,FELT EGG COSY WHITE RABBIT ,1,12/01/2010 09:41,0.85,15311.0,United Kingdom
536381,84832.0,ZINC WILLIE WINKIE  CANDLE STICK,1,12/01/2010 09:41,0.85,15311.0,United Kingdom
536381,22644.0,CERAMIC CHERRY CAKE MONEY BANK,1,12/01/2010 09:41,1.45,15311.0,United Kingdom
536381,21533.0,RETROSPOT LARGE MILK JUG,1,12/01/2010 09:41,4.95,15311.0,United Kingdom
536381,21557.0,SET OF 6 FUNKY BEAKERS,2,12/01/2010 09:41,2.95,15311.0,United Kingdom
536381,15056.0,EDWARDIAN PARASOL BLACK,2,12/01/2010 09:41,5.95,15311.0,United Kingdom
536381,15056.0,EDWARDIAN PARASOL NATURAL,2,12/01/2010 09:41,5.95,15311.0,United Kingdom
536381,22646.0,CERAMIC STRAWBERRY CAKE MONEY BANK,4,12/01/2010 09:41,1.45,15311.0,United Kingdom
536381,22176.0,BLUE OWL SOFT TOY,1,12/01/2010 09:41,2.95,15311.0,United Kingdom
536381,22438.0,BALLOON ART MAKE YOUR OWN FLOWERS,1,12/01/2010 09:41,1.95,15311.0,United Kingdom
536381,21731.0,RED TOADSTOOL LED NIGHT LIGHT,2,12/01/2010 09:41,1.65,15311.0,United Kingdom
536381,22778.0,GLASS CLOCHE SMALL,3,12/01/2010 09:41,3.95,15311.0,United Kingdom
536381,22719.0,GUMBALL MONOCHROME COAT RACK,36,12/01/2010 09:41,1.06,15311.0,United Kingdom
536381,21523.0,DOORMAT FANCY FONT HOME SWEET HOME,10,12/01/2010 09:41,6.75,15311.0,United Kingdom
536379,21523.0,Discount,-1,12/01/2010 09:41,27.5,14527.0,United Kingdom
536382,10002.0,INFLATABLE POLITICAL GLOBE ,12,12/01/2010 09:45,0.85,16098.0,United Kingdom
536382,21912.0,VINTAGE SNAKES & LADDERS,8,12/01/2010 09:45,3.75,16098.0,United Kingdom
536382,21832.0,CHOCOLATE CALCULATOR,12,12/01/2010 09:45,1.65,16098.0,United Kingdom
536382,22411.0,JUMBO SHOPPER VINTAGE RED PAISLEY,10,12/01/2010 09:45,1.95,16098.0,United Kingdom
536382,22379.0,RECYCLING BAG RETROSPOT ,10,12/01/2010 09:45,2.1,16098.0,United Kingdom
536382,22381.0,TOY TIDY PINK POLKADOT,50,12/01/2010 09:45,1.85,16098.0,United Kingdom
536382,22798.0,ANTIQUE GLASS DRESSING TABLE POT,8,12/01/2010 09:45,2.95,16098.0,United Kingdom
536382,22726.0,ALARM CLOCK BAKELIKE GREEN,4,12/01/2010 09:45,3.75,16098.0,United Kingdom
536382,22926.0,IVORY GIANT GARDEN THERMOMETER,12,12/01/2010 09:45,5.95,16098.0,United Kingdom
536382,22839.0,3 TIER CAKE TIN GREEN AND CREAM,2,12/01/2010 09:45,14.95,16098.0,United Kingdom
536382,22838.0,3 TIER CAKE TIN RED AND CREAM,2,12/01/2010 09:45,14.95,16098.0,United Kingdom
536382,22783.0,SET 3 WICKER OVAL BASKETS W LIDS,4,12/01/2010 09:45,16.95,16098.0,United Kingdom
536383,35004.0,SET OF 3 COLOURED  FLYING DUCKS,-1,12/01/2010 09:49,4.65,15311.0,United Kingdom
536384,82484.0,WOOD BLACK BOARD ANT WHITE FINISH,3,12/01/2010 09:53,6.45,18074.0,United Kingdom
536384,84755.0,COLOUR GLASS T-LIGHT HOLDER HANGING,48,12/01/2010 09:53,0.65,18074.0,United Kingdom
536384,22464.0,HANGING METAL HEART LANTERN,12,12/01/2010 09:53,1.65,18074.0,United Kingdom
536384,21324.0,HANGING MEDINA LANTERN SMALL,6,12/01/2010 09:53,2.95,18074.0,United Kingdom
536384,22457.0,NATURAL SLATE HEART CHALKBOARD ,12,12/01/2010 09:53,2.95,18074.0,United Kingdom
536384,22469.0,HEART OF WICKER SMALL,40,12/01/2010 09:53,1.45,18074.0,United Kingdom
536384,22470.0,HEART OF WICKER LARGE,40,12/01/2010 09:53,2.55,18074.0,United Kingdom
536384,22224.0,WHITE LOVEBIRD LANTERN,6,12/01/2010 09:53,2.95,18074.0,United Kingdom
536384,21340.0,CLASSIC METAL BIRDCAGE PLANT HOLDER,2,12/01/2010 09:53,12.75,18074.0,United Kingdom
536384,22189.0,CREAM HEART CARD HOLDER,4,12/01/2010 09:53,3.95,18074.0,United Kingdom
536384,22427.0,ENAMEL FLOWER JUG CREAM,3,12/01/2010 09:53,5.95,18074.0,United Kingdom
536384,22428.0,ENAMEL FIRE BUCKET CREAM,6,12/01/2010 09:53,6.95,18074.0,United Kingdom
536384,22424.0,ENAMEL BREAD BIN CREAM,8,12/01/2010 09:53,10.95,18074.0,United Kingdom
536385,22783.0,SET 3 WICKER OVAL BASKETS W LIDS,1,12/01/2010 09:56,19.95,17420.0,United Kingdom
536385,22961.0,JAM MAKING SET PRINTED,12,12/01/2010 09:56,1.45,17420.0,United Kingdom
536385,22960.0,JAM MAKING SET WITH JARS,6,12/01/2010 09:56,4.25,17420.0,United Kingdom
536385,22663.0,JUMBO BAG DOLLY GIRL DESIGN,10,12/01/2010 09:56,1.95,17420.0,United Kingdom
536385,85049.0,TRADITIONAL CHRISTMAS RIBBONS,12,12/01/2010 09:56,1.25,17420.0,United Kingdom
536385,22168.0,ORGANISER WOOD ANTIQUE WHITE ,2,12/01/2010 09:56,8.5,17420.0,United Kingdom
536385,22662.0,LUNCH BAG DOLLY GIRL DESIGN,10,12/01/2010 09:56,1.65,17420.0,United Kingdom
536386,84880.0,WHITE WIRE EGG HOLDER,36,12/01/2010 09:57,4.95,16029.0,United Kingdom
536386,85099.0,JUMBO  BAG BAROQUE BLACK WHITE,100,12/01/2010 09:57,1.65,16029.0,United Kingdom
536386,85099.0,JUMBO BAG RED RETROSPOT,100,12/01/2010 09:57,1.65,16029.0,United Kingdom
536387,79321.0,CHILLI LIGHTS,192,12/01/2010 09:58,3.82,16029.0,United Kingdom
536387,22780.0,LIGHT GARLAND BUTTERFILES PINK,192,12/01/2010 09:58,3.37,16029.0,United Kingdom
536387,22779.0,WOODEN OWLS LIGHT GARLAND ,192,12/01/2010 09:58,3.37,16029.0,United Kingdom
536387,22466.0,FAIRY TALE COTTAGE NIGHTLIGHT,432,12/01/2010 09:58,1.45,16029.0,United Kingdom
536387,21731.0,RED TOADSTOOL LED NIGHT LIGHT,432,12/01/2010 09:58,1.25,16029.0,United Kingdom
536388,21754.0,HOME BUILDING BLOCK WORD,3,12/01/2010 09:59,5.95,16250.0,United Kingdom
536388,21755.0,LOVE BUILDING BLOCK WORD,3,12/01/2010 09:59,5.95,16250.0,United Kingdom
536388,21523.0,DOORMAT FANCY FONT HOME SWEET HOME,2,12/01/2010 09:59,7.95,16250.0,United Kingdom
536388,21363.0,HOME SMALL WOOD LETTERS,3,12/01/2010 09:59,4.95,16250.0,United Kingdom
536388,21411.0,GINGHAM HEART  DOORSTOP RED,3,12/01/2010 09:59,4.25,16250.0,United Kingdom
536388,22318.0,FIVE HEART HANGING DECORATION,6,12/01/2010 09:59,2.95,16250.0,United Kingdom
536388,22464.0,HANGING METAL HEART LANTERN,12,12/01/2010 09:59,1.65,16250.0,United Kingdom
536388,22915.0,ASSORTED BOTTLE TOP  MAGNETS ,12,12/01/2010 09:59,0.42,16250.0,United Kingdom
536388,22922.0,FRIDGE MAGNETS US DINER ASSORTED,12,12/01/2010 09:59,0.85,16250.0,United Kingdom
536388,22969.0,HOMEMADE JAM SCENTED CANDLES,12,12/01/2010 09:59,1.45,16250.0,United Kingdom
536388,22923.0,FRIDGE MAGNETS LES ENFANTS ASSORTED,12,12/01/2010 09:59,0.85,16250.0,United Kingdom
536388,21115.0,ROSE CARAVAN DOORSTOP,4,12/01/2010 09:59,6.75,16250.0,United Kingdom
536388,22469.0,HEART OF WICKER SMALL,12,12/01/2010 09:59,1.65,16250.0,United Kingdom
536388,22242.0,5 HOOK HANGER MAGIC TOADSTOOL,12,12/01/2010 09:59,1.65,16250.0,United Kingdom
536389,22941.0,CHRISTMAS LIGHTS 10 REINDEER,6,12/01/2010 10:03,8.5,12431.0,Australia
536389,21622.0,VINTAGE UNION JACK CUSHION COVER,8,12/01/2010 10:03,4.95,12431.0,Australia
536389,21791.0,VINTAGE HEADS AND TAILS CARD GAME ,12,12/01/2010 10:03,1.25,12431.0,Australia
536389,35004.0,SET OF 3 COLOURED  FLYING DUCKS,6,12/01/2010 10:03,5.45,12431.0,Australia
536389,35004.0,SET OF 3 GOLD FLYING DUCKS,4,12/01/2010 10:03,6.35,12431.0,Australia
536389,85014.0,RED RETROSPOT UMBRELLA,6,12/01/2010 10:03,5.95,12431.0,Australia
536389,85014.0,BLACK/BLUE POLKADOT UMBRELLA,3,12/01/2010 10:03,5.95,12431.0,Australia
536389,22193.0,RED DINER WALL CLOCK,2,12/01/2010 10:03,8.5,12431.0,Australia
536389,22726.0,ALARM CLOCK BAKELIKE GREEN,4,12/01/2010 10:03,3.75,12431.0,Australia
536389,22727.0,ALARM CLOCK BAKELIKE RED ,4,12/01/2010 10:03,3.75,12431.0,Australia
536389,22192.0,BLUE DINER WALL CLOCK,2,12/01/2010 10:03,8.5,12431.0,Australia
536389,22191.0,IVORY DINER WALL CLOCK,2,12/01/2010 10:03,8.5,12431.0,Australia
536389,22195.0,LARGE HEART MEASURING SPOONS,24,12/01/2010 10:03,1.65,12431.0,Australia
536389,22196.0,SMALL HEART MEASURING SPOONS,24,12/01/2010 10:03,0.85,12431.0,Australia
536390,22941.0,CHRISTMAS LIGHTS 10 REINDEER,2,12/01/2010 10:19,8.5,17511.0,United Kingdom
536390,22960.0,JAM MAKING SET WITH JARS,12,12/01/2010 10:19,3.75,17511.0,United Kingdom
536390,22961.0,JAM MAKING SET PRINTED,12,12/01/2010 10:19,1.45,17511.0,United Kingdom
536390,22962.0,JAM JAR WITH PINK LID,48,12/01/2010 10:19,0.72,17511.0,United Kingdom
536390,22963.0,JAM JAR WITH GREEN LID,48,12/01/2010 10:19,0.72,17511.0,United Kingdom
536390,22968.0,ROSE COTTAGE KEEPSAKE BOX ,8,12/01/2010 10:19,8.5,17511.0,United Kingdom
536390,84970.0,HANGING HEART ZINC T-LIGHT HOLDER,144,12/01/2010 10:19,0.64,17511.0,United Kingdom
536390,22910.0,PAPER CHAIN KIT VINTAGE CHRISTMAS,40,12/01/2010 10:19,2.55,17511.0,United Kingdom
536390,20668.0,DISCO BALL CHRISTMAS DECORATION,288,12/01/2010 10:19,0.1,17511.0,United Kingdom
536390,85123.0,WHITE HANGING HEART T-LIGHT HOLDER,64,12/01/2010 10:19,2.55,17511.0,United Kingdom
536390,22197.0,SMALL POPCORN HOLDER,100,12/01/2010 10:19,0.72,17511.0,United Kingdom
536390,22198.0,LARGE POPCORN HOLDER ,50,12/01/2010 10:19,1.45,17511.0,United Kingdom
536390,21533.0,RETROSPOT LARGE MILK JUG,12,12/01/2010 10:19,4.25,17511.0,United Kingdom
536390,21080.0,SET/20 RED RETROSPOT PAPER NAPKINS ,96,12/01/2010 10:19,0.64,17511.0,United Kingdom
536390,21094.0,SET/6 RED SPOTTY PAPER PLATES,96,12/01/2010 10:19,0.64,17511.0,United Kingdom
536390,21086.0,SET/6 RED SPOTTY PAPER CUPS,48,12/01/2010 10:19,0.65,17511.0,United Kingdom
536390,21786.0,POLKADOT RAIN HAT ,144,12/01/2010 10:19,0.32,17511.0,United Kingdom
536390,22654.0,DELUXE SEWING KIT ,40,12/01/2010 10:19,4.95,17511.0,United Kingdom
536390,21485.0,RETROSPOT HEART HOT WATER BOTTLE,24,12/01/2010 10:19,4.25,17511.0,United Kingdom
536390,84029.0,KNITTED UNION FLAG HOT WATER BOTTLE,24,12/01/2010 10:19,3.39,17511.0,United Kingdom
536390,84030.0,ENGLISH ROSE HOT WATER BOTTLE,24,12/01/2010 10:19,3.75,17511.0,United Kingdom
536390,22174.0,PHOTO CUBE,48,12/01/2010 10:19,1.48,17511.0,United Kingdom
536390,22969.0,HOMEMADE JAM SCENTED CANDLES,96,12/01/2010 10:19,1.25,17511.0,United Kingdom
536390,85099.0,JUMBO BAG RED RETROSPOT,100,12/01/2010 10:19,1.65,17511.0,United Kingdom
536391,22556.0,PLASTERS IN TIN CIRCUS PARADE ,-12,12/01/2010 10:24,1.65,17548.0,United Kingdom
536391,21984.0,PACK OF 12 PINK PAISLEY TISSUES ,-24,12/01/2010 10:24,0.29,17548.0,United Kingdom
536391,21983.0,PACK OF 12 BLUE PAISLEY TISSUES ,-24,12/01/2010 10:24,0.29,17548.0,United Kingdom
536391,21980.0,PACK OF 12 RED RETROSPOT TISSUES ,-24,12/01/2010 10:24,0.29,17548.0,United Kingdom
536391,21484.0,CHICK GREY HOT WATER BOTTLE,-12,12/01/2010 10:24,3.45,17548.0,United Kingdom
536391,22557.0,PLASTERS IN TIN VINTAGE PAISLEY ,-12,12/01/2010 10:24,1.65,17548.0,United Kingdom
536391,22553.0,PLASTERS IN TIN SKULLS,-24,12/01/2010 10:24,1.65,17548.0,United Kingdom
536392,22150.0,3 STRIPEY MICE FELTCRAFT,6,12/01/2010 10:29,1.95,13705.0,United Kingdom
536392,22619.0,SET OF 6 SOLDIER SKITTLES,4,12/01/2010 10:29,3.75,13705.0,United Kingdom
536392,21891.0,TRADITIONAL WOODEN SKIPPING ROPE,12,12/01/2010 10:29,1.25,13705.0,United Kingdom
536392,21889.0,WOODEN BOX OF DOMINOES,12,12/01/2010 10:29,1.25,13705.0,United Kingdom
536392,22827.0,RUSTIC  SEVENTEEN DRAWER SIDEBOARD,1,12/01/2010 10:29,165.0,13705.0,United Kingdom
536392,22127.0,PARTY CONES CARNIVAL ASSORTED,12,12/01/2010 10:29,1.25,13705.0,United Kingdom
536392,22128.0,PARTY CONES CANDY ASSORTED,12,12/01/2010 10:29,1.25,13705.0,United Kingdom
536392,22502.0,PICNIC BASKET WICKER SMALL,4,12/01/2010 10:29,5.95,13705.0,United Kingdom
536392,84879.0,ASSORTED COLOUR BIRD ORNAMENT,16,12/01/2010 10:29,1.69,13705.0,United Kingdom
536392,22338.0,STAR DECORATION PAINTED ZINC ,24,12/01/2010 10:29,0.65,13705.0,United Kingdom
536393,22180.0,RETROSPOT LAMP,8,12/01/2010 10:37,9.95,13747.0,United Kingdom
536394,21506.0,"FANCY FONT BIRTHDAY CARD, ",24,12/01/2010 10:39,0.42,13408.0,United Kingdom
536394,22633.0,HAND WARMER UNION JACK,96,12/01/2010 10:39,1.85,13408.0,United Kingdom
536394,22866.0,HAND WARMER SCOTTY DOG DESIGN,96,12/01/2010 10:39,1.85,13408.0,United Kingdom
536394,22865.0,HAND WARMER OWL DESIGN,96,12/01/2010 10:39,1.85,13408.0,United Kingdom
536394,22632.0,HAND WARMER RED RETROSPOT,96,12/01/2010 10:39,1.85,13408.0,United Kingdom
536394,21485.0,RETROSPOT HEART HOT WATER BOTTLE,12,12/01/2010 10:39,4.95,13408.0,United Kingdom
536394,22349.0,DOG BOWL CHASING BALL DESIGN,12,12/01/2010 10:39,3.75,13408.0,United Kingdom
536394,22558.0,CLOTHES PEGS RETROSPOT PACK 24 ,48,12/01/2010 10:39,1.25,13408.0,United Kingdom
536394,85152.0,HAND OVER THE CHOCOLATE   SIGN ,12,12/01/2010 10:39,2.1,13408.0,United Kingdom
536394,85123.0,WHITE HANGING HEART T-LIGHT HOLDER,32,12/01/2010 10:39,2.55,13408.0,United Kingdom
536394,22652.0,TRAVEL SEWING KIT,20,12/01/2010 10:39,1.65,13408.0,United Kingdom
536395,22188.0,BLACK HEART CARD HOLDER,8,12/01/2010 10:47,3.95,13767.0,United Kingdom
536395,84879.0,ASSORTED COLOUR BIRD ORNAMENT,32,12/01/2010 10:47,1.69,13767.0,United Kingdom
536395,21977.0,PACK OF 60 PINK PAISLEY CAKE CASES,24,12/01/2010 10:47,0.55,13767.0,United Kingdom
536395,84991.0,60 TEATIME FAIRY CAKE CASES,24,12/01/2010 10:47,0.55,13767.0,United Kingdom
536395,21212.0,PACK OF 72 RETROSPOT CAKE CASES,24,12/01/2010 10:47,0.55,13767.0,United Kingdom
536395,21484.0,CHICK GREY HOT WATER BOTTLE,8,12/01/2010 10:47,3.45,13767.0,United Kingdom
536395,21314.0,SMALL GLASS HEART TRINKET POT,8,12/01/2010 10:47,2.1,13767.0,United Kingdom
536395,22730.0,ALARM CLOCK BAKELIKE IVORY,4,12/01/2010 10:47,3.75,13767.0,United Kingdom
536395,22727.0,ALARM CLOCK BAKELIKE RED ,8,12/01/2010 10:47,3.75,13767.0,United Kingdom
536395,22729.0,ALARM CLOCK BAKELIKE ORANGE,8,12/01/2010 10:47,3.75,13767.0,United Kingdom
536395,22726.0,ALARM CLOCK BAKELIKE GREEN,8,12/01/2010 10:47,3.75,13767.0,United Kingdom
536395,22114.0,HOT WATER BOTTLE TEA AND SYMPATHY,8,12/01/2010 10:47,3.95,13767.0,United Kingdom
536395,22867.0,HAND WARMER BIRD DESIGN,48,12/01/2010 10:47,2.1,13767.0,United Kingdom
536395,22866.0,HAND WARMER SCOTTY DOG DESIGN,48,12/01/2010 10:47,2.1,13767.0,United Kingdom
536396,85123.0,WHITE HANGING HEART T-LIGHT HOLDER,6,12/01/2010 10:51,2.55,17850.0,United Kingdom
536396,71053.0,WHITE METAL LANTERN,6,12/01/2010 10:51,3.39,17850.0,United Kingdom
536396,84406.0,CREAM CUPID HEARTS COAT HANGER,8,12/01/2010 10:51,2.75,17850.0,United Kingdom
536396,15056.0,EDWARDIAN PARASOL BLACK,6,12/01/2010 10:51,4.95,17850.0,United Kingdom
536396,20679.0,EDWARDIAN PARASOL RED,6,12/01/2010 10:51,4.95,17850.0,United Kingdom
536396,37370.0,RETRO COFFEE MUGS ASSORTED,6,12/01/2010 10:51,1.06,17850.0,United Kingdom
536396,21871.0,SAVE THE PLANET MUG,6,12/01/2010 10:51,1.06,17850.0,United Kingdom
536396,21071.0,VINTAGE BILLBOARD DRINK ME MUG,6,12/01/2010 10:51,1.06,17850.0,United Kingdom
536396,21068.0,VINTAGE BILLBOARD LOVE/HATE MUG,6,12/01/2010 10:51,1.06,17850.0,United Kingdom
536396,82483.0,WOOD 2 DRAWER CABINET WHITE FINISH,2,12/01/2010 10:51,4.95,17850.0,United Kingdom
536396,82486.0,WOOD S/3 CABINET ANT WHITE FINISH,4,12/01/2010 10:51,6.95,17850.0,United Kingdom
536396,82482.0,WOODEN PICTURE FRAME WHITE FINISH,6,12/01/2010 10:51,2.1,17850.0,United Kingdom
536396,82494.0,WOODEN FRAME ANTIQUE WHITE ,12,12/01/2010 10:51,2.55,17850.0,United Kingdom
536396,84029.0,KNITTED UNION FLAG HOT WATER BOTTLE,6,12/01/2010 10:51,3.39,17850.0,United Kingdom
536396,84029.0,RED WOOLLY HOTTIE WHITE HEART.,6,12/01/2010 10:51,3.39,17850.0,United Kingdom
536396,22752.0,SET 7 BABUSHKA NESTING BOXES,2,12/01/2010 10:51,7.65,17850.0,United Kingdom
536396,22803.0,IVORY EMBROIDERED QUILT ,2,12/01/2010 10:51,35.75,17850.0,United Kingdom
536396,21730.0,GLASS STAR FROSTED T-LIGHT HOLDER,6,12/01/2010 10:51,4.25,17850.0,United Kingdom
536397,35004.0,SET OF 3 BLACK FLYING DUCKS,12,12/01/2010 10:51,4.65,17924.0,United Kingdom
536397,35004.0,SET OF 3 COLOURED  FLYING DUCKS,48,12/01/2010 10:51,4.65,17924.0,United Kingdom
536398,21980.0,PACK OF 12 RED RETROSPOT TISSUES ,24,12/01/2010 10:52,0.29,13448.0,United Kingdom
536398,21844.0,RED RETROSPOT MUG,6,12/01/2010 10:52,2.95,13448.0,United Kingdom
536398,22468.0,BABUSHKA LIGHTS STRING OF 10,4,12/01/2010 10:52,6.75,13448.0,United Kingdom
536398,22637.0,PIGGY BANK RETROSPOT ,8,12/01/2010 10:52,2.55,13448.0,United Kingdom
536398,22752.0,SET 7 BABUSHKA NESTING BOXES,6,12/01/2010 10:52,8.5,13448.0,United Kingdom
536398,48185.0,DOORMAT FAIRY CAKE,2,12/01/2010 10:52,7.95,13448.0,United Kingdom
536398,22632.0,HAND WARMER RED RETROSPOT,12,12/01/2010 10:52,2.1,13448.0,United Kingdom
536398,22866.0,HAND WARMER SCOTTY DOG DESIGN,12,12/01/2010 10:52,2.1,13448.0,United Kingdom
536398,22865.0,HAND WARMER OWL DESIGN,12,12/01/2010 10:52,2.1,13448.0,United Kingdom
536398,21232.0,STRAWBERRY CERAMIC TRINKET BOX,12,12/01/2010 10:52,1.25,13448.0,United Kingdom
536398,22064.0,PINK DOUGHNUT TRINKET POT ,12,12/01/2010 10:52,1.65,13448.0,United Kingdom
536398,22449.0,SILK PURSE BABUSHKA PINK,6,12/01/2010 10:52,3.35,13448.0,United Kingdom
536398,22114.0,HOT WATER BOTTLE TEA AND SYMPATHY,4,12/01/2010 10:52,3.95,13448.0,United Kingdom
536398,22835.0,HOT WATER BOTTLE I AM SO POORLY,8,12/01/2010 10:52,4.65,13448.0,United Kingdom
536398,22112.0,CHOCOLATE HOT WATER BOTTLE,9,12/01/2010 10:52,4.95,13448.0,United Kingdom
536398,21479.0,WHITE SKULL HOT WATER BOTTLE ,4,12/01/2010 10:52,3.75,13448.0,United Kingdom
536398,22111.0,SCOTTIE DOG HOT WATER BOTTLE,9,12/01/2010 10:52,4.95,13448.0,United Kingdom
536399,22632.0,HAND WARMER RED POLKA DOT,6,12/01/2010 10:52,1.85,17850.0,United Kingdom
536399,22633.0,HAND WARMER UNION JACK,6,12/01/2010 10:52,1.85,17850.0,United Kingdom
536400,22969.0,HOMEMADE JAM SCENTED CANDLES,12,12/01/2010 10:53,1.45,13448.0,United Kingdom
536401,22110.0,BIRD HOUSE HOT WATER BOTTLE,1,12/01/2010 11:21,2.55,15862.0,United Kingdom
536401,22098.0,BOUDOIR SQUARE TISSUE BOX,1,12/01/2010 11:21,1.25,15862.0,United Kingdom
536401,22100.0,SKULLS SQUARE TISSUE BOX,2,12/01/2010 11:21,1.25,15862.0,United Kingdom
536401,22766.0,PHOTO FRAME CORNICE,1,12/01/2010 11:21,2.95,15862.0,United Kingdom
536401,22451.0,SILK PURSE BABUSHKA RED,1,12/01/2010 11:21,3.35,15862.0,United Kingdom
536401,22549.0,PICTURE DOMINOES,1,12/01/2010 11:21,1.45,15862.0,United Kingdom
536401,84744.0,S/6 SEW ON CROCHET FLOWERS,1,12/01/2010 11:21,1.25,15862.0,United Kingdom
536401,85049.0,SCANDINAVIAN REDS RIBBONS,2,12/01/2010 11:21,1.25,15862.0,United Kingdom
536401,21328.0,BALLOONS  WRITING SET ,1,12/01/2010 11:21,1.65,15862.0,United Kingdom
536401,22961.0,JAM MAKING SET PRINTED,4,12/01/2010 11:21,1.45,15862.0,United Kingdom
536401,17091.0,LAVENDER INCENSE IN TIN,1,12/01/2010 11:21,1.25,15862.0,United Kingdom
536401,22473.0,TV DINNER TRAY VINTAGE PAISLEY,1,12/01/2010 11:21,4.95,15862.0,United Kingdom
536401,84509.0,SET OF 4 ENGLISH ROSE PLACEMATS,2,12/01/2010 11:21,3.75,15862.0,United Kingdom
536401,84510.0,SET OF 4 ENGLISH ROSE COASTERS,2,12/01/2010 11:21,1.25,15862.0,United Kingdom
536401,22767.0,TRIPLE PHOTO FRAME CORNICE ,2,12/01/2010 11:21,9.95,15862.0,United Kingdom
536401,22768.0,FAMILY PHOTO FRAME CORNICE,1,12/01/2010 11:21,9.95,15862.0,United Kingdom
536401,21463.0,MIRRORED DISCO BALL ,1,12/01/2010 11:21,5.95,15862.0,United Kingdom
536401,21464.0,DISCO BALL ROTATOR BATTERY OPERATED,1,12/01/2010 11:21,4.25,15862.0,United Kingdom
536401,20820.0,SILVER LOOKING MIRROR,3,12/01/2010 11:21,4.95,15862.0,United Kingdom
536401,85150.0,LADIES & GENTLEMEN METAL SIGN,1,12/01/2010 11:21,2.55,15862.0,United Kingdom
536401,22117.0,METAL SIGN HER DINNER IS SERVED ,1,12/01/2010 11:21,2.95,15862.0,United Kingdom
536401,21169.0,YOU'RE CONFUSING ME METAL SIGN ,2,12/01/2010 11:21,1.69,15862.0,United Kingdom
536401,48129.0,DOORMAT TOPIARY,1,12/01/2010 11:21,7.95,15862.0,United Kingdom
536401,82580.0,BATHROOM METAL SIGN,1,12/01/2010 11:21,0.55,15862.0,United Kingdom
536401,82578.0,KITCHEN METAL SIGN,1,12/01/2010 11:21,0.55,15862.0,United Kingdom
536401,82581.0,TOILET METAL SIGN,2,12/01/2010 11:21,0.55,15862.0,United Kingdom
536401,22413.0,METAL SIGN TAKE IT OR LEAVE IT ,4,12/01/2010 11:21,2.95,15862.0,United Kingdom
536401,21907.0,I'M ON HOLIDAY METAL SIGN,2,12/01/2010 11:21,2.1,15862.0,United Kingdom
536401,22441.0,GROW YOUR OWN BASIL IN ENAMEL MUG,1,12/01/2010 11:21,2.1,15862.0,United Kingdom
536401,21122.0,SET/10 PINK POLKADOT PARTY CANDLES,1,12/01/2010 11:21,1.25,15862.0,United Kingdom
536401,22851.0,SET 20 NAPKINS FAIRY CAKES DESIGN ,1,12/01/2010 11:21,0.85,15862.0,United Kingdom
536401,84991.0,60 TEATIME FAIRY CAKE CASES,3,12/01/2010 11:21,0.55,15862.0,United Kingdom
536401,22810.0,SET OF 6 T-LIGHTS SNOWMEN,1,12/01/2010 11:21,2.95,15862.0,United Kingdom
536401,22809.0,SET OF 6 T-LIGHTS SANTA,1,12/01/2010 11:21,2.95,15862.0,United Kingdom
536401,22435.0,SET OF 9 HEART SHAPED BALLOONS,2,12/01/2010 11:21,1.25,15862.0,United Kingdom
536401,20966.0,SANDWICH BATH SPONGE,3,12/01/2010 11:21,1.25,15862.0,United Kingdom
536401,20963.0,APPLE BATH SPONGE,1,12/01/2010 11:21,1.25,15862.0,United Kingdom
536401,20961.0,STRAWBERRY BATH SPONGE ,1,12/01/2010 11:21,1.25,15862.0,United Kingdom
536401,22068.0,BLACK PIRATE TREASURE CHEST,2,12/01/2010 11:21,1.65,15862.0,United Kingdom
536401,21743.0,STAR PORTABLE TABLE LIGHT ,2,12/01/2010 11:21,2.95,15862.0,United Kingdom
536401,21744.0,SNOWFLAKE PORTABLE TABLE LIGHT ,2,12/01/2010 11:21,2.95,15862.0,United Kingdom
536401,84709.0,PINK OVAL JEWELLED MIRROR,1,12/01/2010 11:21,5.95,15862.0,United Kingdom
536401,21592.0,RETROSPOT CIGAR BOX MATCHES ,1,12/01/2010 11:21,1.25,15862.0,United Kingdom
536401,21587.0,COSY HOUR GIANT TUBE MATCHES,2,12/01/2010 11:21,2.55,15862.0,United Kingdom
536401,20992.0,JAZZ HEARTS PURSE NOTEBOOK,9,12/01/2010 11:21,0.85,15862.0,United Kingdom
536401,22662.0,LUNCH BAG DOLLY GIRL DESIGN,1,12/01/2010 11:21,1.65,15862.0,United Kingdom
536401,85123.0,WHITE HANGING HEART T-LIGHT HOLDER,4,12/01/2010 11:21,2.95,15862.0,United Kingdom
536401,22804.0,CANDLEHOLDER PINK HANGING HEART,3,12/01/2010 11:21,2.95,15862.0,United Kingdom
536401,82483.0,WOOD 2 DRAWER CABINET WHITE FINISH,1,12/01/2010 11:21,5.95,15862.0,United Kingdom
536401,20749.0,ASSORTED COLOUR MINI CASES,1,12/01/2010 11:21,7.95,15862.0,United Kingdom
536401,20725.0,LUNCH BAG RED RETROSPOT,1,12/01/2010 11:21,1.65,15862.0,United Kingdom
536401,22382.0,LUNCH BAG SPACEBOY DESIGN ,2,12/01/2010 11:21,1.65,15862.0,United Kingdom
536401,20726.0,LUNCH BAG WOODLAND,1,12/01/2010 11:21,1.65,15862.0,United Kingdom
536401,22384.0,LUNCH BAG PINK POLKADOT,1,12/01/2010 11:21,1.65,15862.0,United Kingdom
536401,22467.0,GUMBALL COAT RACK,5,12/01/2010 11:21,2.55,15862.0,United Kingdom
536401,84625.0,BLUE NEW BAROQUE CANDLESTICK CANDLE,3,12/01/2010 11:21,2.95,15862.0,United Kingdom
536401,84625.0,PINK NEW BAROQUECANDLESTICK CANDLE,3,12/01/2010 11:21,2.95,15862.0,United Kingdom
536401,21108.0,FAIRY CAKE FLANNEL ASSORTED COLOUR,9,12/01/2010 11:21,2.55,15862.0,United Kingdom
536401,22848.0,BREAD BIN DINER STYLE PINK,1,12/01/2010 11:21,16.95,15862.0,United Kingdom
536401,21033.0,JUMBO BAG CHARLIE AND LOLA TOYS,4,12/01/2010 11:21,2.95,15862.0,United Kingdom
536401,47570.0,TEA TIME TABLE CLOTH,1,12/01/2010 11:21,10.65,15862.0,United Kingdom
536401,84030.0,ENGLISH ROSE HOT WATER BOTTLE,1,12/01/2010 11:21,4.25,15862.0,United Kingdom
536401,22428.0,ENAMEL FIRE BUCKET CREAM,2,12/01/2010 11:21,6.95,15862.0,United Kingdom
536401,22502.0,PICNIC BASKET WICKER SMALL,2,12/01/2010 11:21,5.95,15862.0,United Kingdom
536402,22086.0,PAPER CHAIN KIT 50'S CHRISTMAS ,40,12/01/2010 11:22,2.55,15513.0,United Kingdom
536402,22910.0,PAPER CHAIN KIT VINTAGE CHRISTMAS,40,12/01/2010 11:22,2.55,15513.0,United Kingdom
536402,22837.0,HOT WATER BOTTLE BABUSHKA ,36,12/01/2010 11:22,4.25,15513.0,United Kingdom
536403,22867.0,HAND WARMER BIRD DESIGN,96,12/01/2010 11:27,1.85,12791.0,Netherlands
536403,,POSTAGE,1,12/01/2010 11:27,15.0,12791.0,Netherlands
536404,22297.0,HEART IVORY TRELLIS SMALL,24,12/01/2010 11:29,1.25,16218.0,United Kingdom
536404,22771.0,CLEAR DRAWER KNOB ACRYLIC EDWARDIAN,12,12/01/2010 11:29,1.25,16218.0,United Kingdom
536404,22772.0,PINK DRAWER KNOB ACRYLIC EDWARDIAN,12,12/01/2010 11:29,1.25,16218.0,United Kingdom
536404,22773.0,GREEN DRAWER KNOB ACRYLIC EDWARDIAN,12,12/01/2010 11:29,1.25,16218.0,United Kingdom
536404,22805.0,BLUE DRAWER KNOB ACRYLIC EDWARDIAN,12,12/01/2010 11:29,1.25,16218.0,United Kingdom
536404,22469.0,HEART OF WICKER SMALL,12,12/01/2010 11:29,1.65,16218.0,United Kingdom
536404,22197.0,SMALL POPCORN HOLDER,36,12/01/2010 11:29,0.85,16218.0,United Kingdom
536404,21125.0,SET 6 FOOTBALL CELEBRATION CANDLES,12,12/01/2010 11:29,1.25,16218.0,United Kingdom
536404,21126.0,SET OF 6 GIRLS CELEBRATION CANDLES,12,12/01/2010 11:29,1.25,16218.0,United Kingdom
536404,85049.0,ROMANTIC PINKS RIBBONS ,12,12/01/2010 11:29,1.25,16218.0,United Kingdom
536404,85049.0,BRIGHT BLUES RIBBONS ,12,12/01/2010 11:29,1.25,16218.0,United Kingdom
536404,85049.0,SCANDINAVIAN REDS RIBBONS,12,12/01/2010 11:29,1.25,16218.0,United Kingdom
536404,85049.0,CHOCOLATE BOX RIBBONS ,12,12/01/2010 11:29,1.25,16218.0,United Kingdom
536404,21061.0,PARTY INVITES FOOTBALL,12,12/01/2010 11:29,0.85,16218.0,United Kingdom
536404,21063.0,PARTY INVITES JAZZ HEARTS,12,12/01/2010 11:29,0.85,16218.0,United Kingdom
536404,21062.0,PARTY INVITES SPACEMAN,12,12/01/2010 11:29,0.85,16218.0,United Kingdom
536404,84380.0,SET OF 3 BUTTERFLY COOKIE CUTTERS,12,12/01/2010 11:29,1.25,16218.0,United Kingdom
536404,84378.0,SET OF 3 HEART COOKIE CUTTERS,12,12/01/2010 11:29,1.25,16218.0,United Kingdom
536404,22964.0,3 PIECE SPACEBOY COOKIE CUTTER SET,12,12/01/2010 11:29,2.1,16218.0,United Kingdom
536404,21213.0,PACK OF 72 SKULL CAKE CASES,24,12/01/2010 11:29,0.55,16218.0,United Kingdom
536404,22417.0,PACK OF 60 SPACEBOY CAKE CASES,24,12/01/2010 11:29,0.55,16218.0,United Kingdom
536404,21212.0,PACK OF 72 RETROSPOT CAKE CASES,24,12/01/2010 11:29,0.55,16218.0,United Kingdom
536404,84992.0,72 SWEETHEART FAIRY CAKE CASES,24,12/01/2010 11:29,0.55,16218.0,United Kingdom
536404,21975.0,PACK OF 60 DINOSAUR CAKE CASES,24,12/01/2010 11:29,0.55,16218.0,United Kingdom
536404,22383.0,LUNCH BAG SUKI  DESIGN ,10,12/01/2010 11:29,1.65,16218.0,United Kingdom
536404,20728.0,LUNCH BAG CARS BLUE,10,12/01/2010 11:29,1.65,16218.0,United Kingdom
536404,20727.0,LUNCH BAG  BLACK SKULL.,10,12/01/2010 11:29,1.65,16218.0,United Kingdom
536404,22296.0,HEART IVORY TRELLIS LARGE,24,12/01/2010 11:29,1.65,16218.0,United Kingdom
536405,20914.0,SET/5 RED RETROSPOT LID GLASS BOWLS,128,12/01/2010 11:32,2.55,14045.0,United Kingdom
536406,85123.0,WHITE HANGING HEART T-LIGHT HOLDER,8,12/01/2010 11:33,2.55,17850.0,United Kingdom
536406,71053.0,WHITE METAL LANTERN,8,12/01/2010 11:33,3.39,17850.0,United Kingdom
536406,84406.0,CREAM CUPID HEARTS COAT HANGER,8,12/01/2010 11:33,2.75,17850.0,United Kingdom
536406,20679.0,EDWARDIAN PARASOL RED,6,12/01/2010 11:33,4.95,17850.0,United Kingdom
536406,37370.0,RETRO COFFEE MUGS ASSORTED,6,12/01/2010 11:33,1.06,17850.0,United Kingdom
536406,21871.0,SAVE THE PLANET MUG,6,12/01/2010 11:33,1.06,17850.0,United Kingdom
536406,21071.0,VINTAGE BILLBOARD DRINK ME MUG,6,12/01/2010 11:33,1.06,17850.0,United Kingdom
536406,21068.0,VINTAGE BILLBOARD LOVE/HATE MUG,6,12/01/2010 11:33,1.06,17850.0,United Kingdom
536406,82483.0,WOOD 2 DRAWER CABINET WHITE FINISH,4,12/01/2010 11:33,4.95,17850.0,United Kingdom
536406,82486.0,WOOD S/3 CABINET ANT WHITE FINISH,4,12/01/2010 11:33,6.95,17850.0,United Kingdom
536406,82482.0,WOODEN PICTURE FRAME WHITE FINISH,6,12/01/2010 11:33,2.1,17850.0,United Kingdom
536406,82494.0,WOODEN FRAME ANTIQUE WHITE ,6,12/01/2010 11:33,2.55,17850.0,United Kingdom
536406,84029.0,KNITTED UNION FLAG HOT WATER BOTTLE,6,12/01/2010 11:33,3.39,17850.0,United Kingdom
536406,84029.0,RED WOOLLY HOTTIE WHITE HEART.,6,12/01/2010 11:33,3.39,17850.0,United Kingdom
536406,22752.0,SET 7 BABUSHKA NESTING BOXES,2,12/01/2010 11:33,7.65,17850.0,United Kingdom
536406,22803.0,IVORY EMBROIDERED QUILT ,2,12/01/2010 11:33,35.75,17850.0,United Kingdom
536406,21730.0,GLASS STAR FROSTED T-LIGHT HOLDER,6,12/01/2010 11:33,4.25,17850.0,United Kingdom
536407,22632.0,HAND WARMER RED POLKA DOT,6,12/01/2010 11:34,1.85,17850.0,United Kingdom
536407,22633.0,HAND WARMER UNION JACK,6,12/01/2010 11:34,1.85,17850.0,United Kingdom
536408,22537.0,MAGIC DRAWING SLATE DINOSAUR,24,12/01/2010 11:41,0.42,14307.0,United Kingdom
536408,22533.0,MAGIC DRAWING SLATE BAKE A CAKE ,24,12/01/2010 11:41,0.42,14307.0,United Kingdom
536408,20982.0,12 PENCILS TALL TUBE SKULLS,12,12/01/2010 11:41,0.85,14307.0,United Kingdom
536408,21832.0,CHOCOLATE CALCULATOR,12,12/01/2010 11:41,1.65,14307.0,United Kingdom
536408,21915.0,RED  HARMONICA IN BOX ,12,12/01/2010 11:41,1.25,14307.0,United Kingdom
536408,21914.0,BLUE HARMONICA IN BOX ,12,12/01/2010 11:41,1.25,14307.0,United Kingdom
536408,21544.0,SKULLS  WATER TRANSFER TATTOOS ,12,12/01/2010 11:41,0.85,14307.0,United Kingdom
536408,22813.0,PACK 3 BOXES BIRD PANNETONE ,12,12/01/2010 11:41,1.95,14307.0,United Kingdom
536408,22114.0,HOT WATER BOTTLE TEA AND SYMPATHY,4,12/01/2010 11:41,3.95,14307.0,United Kingdom
536408,84029.0,RED WOOLLY HOTTIE WHITE HEART.,4,12/01/2010 11:41,3.75,14307.0,United Kingdom
536408,21479.0,WHITE SKULL HOT WATER BOTTLE ,4,12/01/2010 11:41,3.75,14307.0,United Kingdom
536408,22964.0,3 PIECE SPACEBOY COOKIE CUTTER SET,6,12/01/2010 11:41,2.1,14307.0,United Kingdom
536408,84375.0,SET OF 20 KIDS COOKIE CUTTERS,12,12/01/2010 11:41,2.1,14307.0,United Kingdom
536408,22418.0,10 COLOUR SPACEBOY PEN,24,12/01/2010 11:41,0.85,14307.0,United Kingdom
536408,22178.0,VICTORIAN GLASS HANGING T-LIGHT,12,12/01/2010 11:41,1.25,14307.0,United Kingdom
536408,84970.0,SINGLE HEART ZINC T-LIGHT HOLDER,12,12/01/2010 11:41,0.95,14307.0,United Kingdom
536408,21733.0,RED HANGING HEART T-LIGHT HOLDER,6,12/01/2010 11:41,2.95,14307.0,United Kingdom
536408,22465.0,HANGING METAL STAR LANTERN,12,12/01/2010 11:41,1.65,14307.0,United Kingdom
536408,84949.0,SILVER HANGING T-LIGHT HOLDER,6,12/01/2010 11:41,1.65,14307.0,United Kingdom
536408,20685.0,DOORMAT RED RETROSPOT,2,12/01/2010 11:41,7.95,14307.0,United Kingdom
536408,48194.0,DOORMAT HEARTS,2,12/01/2010 11:41,7.95,14307.0,United Kingdom
536408,22488.0,NATURAL SLATE RECTANGLE CHALKBOARD,12,12/01/2010 11:41,1.65,14307.0,United Kingdom
536408,22219.0,LOVEBIRD HANGING DECORATION WHITE ,12,12/01/2010 11:41,0.85,14307.0,United Kingdom
536408,84879.0,ASSORTED COLOUR BIRD ORNAMENT,8,12/01/2010 11:41,1.69,14307.0,United Kingdom
536408,21754.0,HOME BUILDING BLOCK WORD,3,12/01/2010 11:41,5.95,14307.0,United Kingdom
536408,21755.0,LOVE BUILDING BLOCK WORD,3,12/01/2010 11:41,5.95,14307.0,United Kingdom
536408,22766.0,PHOTO FRAME CORNICE,8,12/01/2010 11:41,2.95,14307.0,United Kingdom
536408,22610.0,PENS ASSORTED FUNNY FACE,36,12/01/2010 11:41,0.85,14307.0,United Kingdom
536408,22716.0,CARD CIRCUS PARADE,12,12/01/2010 11:41,0.42,14307.0,United Kingdom
536408,22706.0,WRAP COWBOYS  ,25,12/01/2010 11:41,0.42,14307.0,United Kingdom
536408,22371.0,AIRLINE BAG VINTAGE TOKYO 78,4,12/01/2010 11:41,4.25,14307.0,United Kingdom
536408,85014.0,RED RETROSPOT UMBRELLA,3,12/01/2010 11:41,5.95,14307.0,United Kingdom
536408,85014.0,BLACK/BLUE POLKADOT UMBRELLA,3,12/01/2010 11:41,5.95,14307.0,United Kingdom
536408,84997.0,RED 3 PIECE RETROSPOT CUTLERY SET,6,12/01/2010 11:41,3.75,14307.0,United Kingdom
536408,21212.0,PACK OF 72 RETROSPOT CAKE CASES,24,12/01/2010 11:41,0.55,14307.0,United Kingdom
536408,21210.0,SET OF 72 RETROSPOT PAPER  DOILIES,12,12/01/2010 11:41,1.45,14307.0,United Kingdom
536408,22914.0,BLUE COAT RACK PARIS FASHION,3,12/01/2010 11:41,4.95,14307.0,United Kingdom
536408,22553.0,PLASTERS IN TIN SKULLS,12,12/01/2010 11:41,1.65,14307.0,United Kingdom
536408,16237.0,SLEEPING CAT ERASERS,30,12/01/2010 11:41,0.21,14307.0,United Kingdom
536408,22714.0,CARD BIRTHDAY COWBOY,12,12/01/2010 11:41,0.42,14307.0,United Kingdom
536408,22812.0,PACK 3 BOXES CHRISTMAS PANNETONE,12,12/01/2010 11:41,1.95,14307.0,United Kingdom
536408,84347.0,ROTATING SILVER ANGELS T-LIGHT HLDR,6,12/01/2010 11:41,2.55,14307.0,United Kingdom
536408,21587.0,COSY HOUR GIANT TUBE MATCHES,12,12/01/2010 11:41,2.55,14307.0,United Kingdom
536408,22736.0,RIBBON REEL MAKING SNOWMEN ,10,12/01/2010 11:41,1.65,14307.0,United Kingdom
536408,22492.0,MINI PAINT SET VINTAGE ,36,12/01/2010 11:41,0.65,14307.0,United Kingdom
536408,22620.0,4 TRADITIONAL SPINNING TOPS,12,12/01/2010 11:41,1.25,14307.0,United Kingdom
536408,22619.0,SET OF 6 SOLDIER SKITTLES,4,12/01/2010 11:41,3.75,14307.0,United Kingdom
536408,21705.0,BAG 500g SWIRLY MARBLES,12,12/01/2010 11:41,1.65,14307.0,United Kingdom
536409,90199.0,5 STRAND GLASS NECKLACE CRYSTAL,3,12/01/2010 11:45,6.35,17908.0,United Kingdom
536409,21479.0,WHITE SKULL HOT WATER BOTTLE ,1,12/01/2010 11:45,3.75,17908.0,United Kingdom
536409,22111.0,SCOTTIE DOG HOT WATER BOTTLE,1,12/01/2010 11:45,4.95,17908.0,United Kingdom
536409,22785.0,SQUARECUSHION COVER PINK UNION FLAG,1,12/01/2010 11:45,6.75,17908.0,United Kingdom
536409,22975.0,SPACEBOY CHILDRENS EGG CUP,1,12/01/2010 11:45,1.25,17908.0,United Kingdom
536409,22972.0,CHILDREN'S SPACEBOY MUG,1,12/01/2010 11:45,1.65,17908.0,United Kingdom
536409,22866.0,HAND WARMER SCOTTY DOG DESIGN,1,12/01/2010 11:45,2.1,17908.0,United Kingdom
536409,22568.0,FELTCRAFT CUSHION OWL,1,12/01/2010 11:45,3.75,17908.0,United Kingdom
536409,85116.0,BLACK CANDELABRA T-LIGHT HOLDER,1,12/01/2010 11:45,2.1,17908.0,United Kingdom
536409,22664.0,TOY TIDY DOLLY GIRL DESIGN,1,12/01/2010 11:45,2.1,17908.0,United Kingdom
536409,21609.0,SET 12 LAVENDER  BOTANICAL T-LIGHTS,1,12/01/2010 11:45,2.95,17908.0,United Kingdom
536409,21866.0,UNION JACK FLAG LUGGAGE TAG,1,12/01/2010 11:45,1.25,17908.0,United Kingdom
536409,20669.0,RED HEART LUGGAGE TAG,1,12/01/2010 11:45,1.25,17908.0,United Kingdom
536409,90129.0,RED GLASS TASSLE BAG CHARM,1,12/01/2010 11:45,2.95,17908.0,United Kingdom
536409,90210.0,CLEAR ACRYLIC FACETED BANGLE,1,12/01/2010 11:45,2.95,17908.0,United Kingdom
536409,90199.0,5 STRAND GLASS NECKLACE CRYSTAL,1,12/01/2010 11:45,6.35,17908.0,United Kingdom
536409,21955.0,DOORMAT UNION JACK GUNS AND ROSES,1,12/01/2010 11:45,7.95,17908.0,United Kingdom
536409,72802.0,VANILLA SCENT CANDLE JEWELLED BOX,1,12/01/2010 11:45,4.25,17908.0,United Kingdom
536409,22109.0,FULL ENGLISH BREAKFAST PLATE,1,12/01/2010 11:45,3.75,17908.0,United Kingdom
536409,85116.0,BLACK CANDELABRA T-LIGHT HOLDER,5,12/01/2010 11:45,2.1,17908.0,United Kingdom
536409,22531.0,MAGIC DRAWING SLATE CIRCUS PARADE  ,1,12/01/2010 11:45,0.42,17908.0,United Kingdom
536409,21811.0,CHRISTMAS HANGING HEART WITH BELL,1,12/01/2010 11:45,1.25,17908.0,United Kingdom
536409,22183.0,CAKE STAND VICTORIAN FILIGREE MED,1,12/01/2010 11:45,6.75,17908.0,United Kingdom
536409,21678.0,PAISLEY PATTERN  STICKERS,6,12/01/2010 11:45,0.85,17908.0,United Kingdom
536409,21676.0,FLOWERS  STICKERS,6,12/01/2010 11:45,0.85,17908.0,United Kingdom
536409,84625.0,PINK NEW BAROQUECANDLESTICK CANDLE,1,12/01/2010 11:45,2.95,17908.0,United Kingdom
536409,84625.0,BLUE NEW BAROQUE CANDLESTICK CANDLE,3,12/01/2010 11:45,2.95,17908.0,United Kingdom
536409,21931.0,JUMBO STORAGE BAG SUKI,2,12/01/2010 11:45,1.95,17908.0,United Kingdom
536409,85169.0,BLACK LOVE BIRD CANDLE,12,12/01/2010 11:45,1.25,17908.0,United Kingdom
536409,16238.0,PARTY TIME PENCIL ERASERS,28,12/01/2010 11:45,0.21,17908.0,United Kingdom
536409,20668.0,DISCO BALL CHRISTMAS DECORATION,24,12/01/2010 11:45,0.12,17908.0,United Kingdom
536409,84906.0,PINK B'FLY C/COVER W BOBBLES,1,12/01/2010 11:45,5.95,17908.0,United Kingdom
536409,21867.0,PINK UNION JACK  LUGGAGE TAG,1,12/01/2010 11:45,1.25,17908.0,United Kingdom
536409,22075.0,6 RIBBONS ELEGANT CHRISTMAS ,1,12/01/2010 11:45,1.65,17908.0,United Kingdom
536409,21866.0,UNION JACK FLAG LUGGAGE TAG,1,12/01/2010 11:45,1.25,17908.0,United Kingdom
536409,21326.0,AGED GLASS SILVER T-LIGHT HOLDER,12,12/01/2010 11:45,0.65,17908.0,United Kingdom
536409,21065.0,BOOM BOX SPEAKER GIRLS,1,12/01/2010 11:45,5.95,17908.0,United Kingdom
536409,22074.0,6 RIBBONS SHIMMERING PINKS ,1,12/01/2010 11:45,1.65,17908.0,United Kingdom
536409,22900.0, SET 2 TEA TOWELS I LOVE LONDON ,1,12/01/2010 11:45,2.95,17908.0,United Kingdom
536409,20713.0,JUMBO BAG OWLS,1,12/01/2010 11:45,1.95,17908.0,United Kingdom
536409,20966.0,SANDWICH BATH SPONGE,2,12/01/2010 11:45,1.25,17908.0,United Kingdom
536409,21116.0,OWL DOORSTOP,1,12/01/2010 11:45,4.95,17908.0,United Kingdom
536409,90199.0,5 STRAND GLASS NECKLACE CRYSTAL,2,12/01/2010 11:45,6.35,17908.0,United Kingdom
536409,22633.0,HAND WARMER UNION JACK,1,12/01/2010 11:45,2.1,17908.0,United Kingdom
536409,22866.0,HAND WARMER SCOTTY DOG DESIGN,1,12/01/2010 11:45,2.1,17908.0,United Kingdom
536409,22198.0,LARGE POPCORN HOLDER ,1,12/01/2010 11:45,1.65,17908.0,United Kingdom
536409,21824.0,PAINTED METAL STAR WITH HOLLY BELLS,3,12/01/2010 11:45,1.45,17908.0,United Kingdom
536409,21823.0,PAINTED METAL HEART WITH HOLLY BELL,3,12/01/2010 11:45,1.45,17908.0,United Kingdom
536409,22153.0,ANGEL DECORATION STARS ON DRESS,6,12/01/2010 11:45,0.42,17908.0,United Kingdom
536409,22197.0,SMALL POPCORN HOLDER,2,12/01/2010 11:45,0.85,17908.0,United Kingdom
536409,85099.0,JUMBO BAG RED RETROSPOT,2,12/01/2010 11:45,1.95,17908.0,United Kingdom
536409,85099.0,JUMBO BAG STRAWBERRY,1,12/01/2010 11:45,1.95,17908.0,United Kingdom
536409,20717.0,STRAWBERRY SHOPPER BAG,1,12/01/2010 11:45,1.25,17908.0,United Kingdom
536409,20723.0,STRAWBERRY CHARLOTTE BAG,1,12/01/2010 11:45,0.85,17908.0,United Kingdom
536409,22900.0, SET 2 TEA TOWELS I LOVE LONDON ,1,12/01/2010 11:45,2.95,17908.0,United Kingdom
536409,21980.0,PACK OF 12 RED RETROSPOT TISSUES ,12,12/01/2010 11:45,0.29,17908.0,United Kingdom
536409,22111.0,SCOTTIE DOG HOT WATER BOTTLE,1,12/01/2010 11:45,4.95,17908.0,United Kingdom
536409,22112.0,CHOCOLATE HOT WATER BOTTLE,1,12/01/2010 11:45,4.95,17908.0,United Kingdom
536412,20728.0,LUNCH BAG CARS BLUE,3,12/01/2010 11:49,1.65,17920.0,United Kingdom
536412,22382.0,LUNCH BAG SPACEBOY DESIGN ,3,12/01/2010 11:49,1.65,17920.0,United Kingdom
536412,22326.0,ROUND SNACK BOXES SET OF4 WOODLAND ,1,12/01/2010 11:49,2.95,17920.0,United Kingdom
536412,22662.0,LUNCH BAG DOLLY GIRL DESIGN,4,12/01/2010 11:49,1.65,17920.0,United Kingdom
536412,22383.0,LUNCH BAG SUKI  DESIGN ,3,12/01/2010 11:49,1.65,17920.0,United Kingdom
536412,20727.0,LUNCH BAG  BLACK SKULL.,3,12/01/2010 11:49,1.65,17920.0,United Kingdom
536412,22328.0,ROUND SNACK BOXES SET OF 4 FRUITS ,1,12/01/2010 11:49,2.95,17920.0,United Kingdom
536412,22327.0,ROUND SNACK BOXES SET OF 4 SKULLS,1,12/01/2010 11:49,2.95,17920.0,United Kingdom
536412,22630.0,DOLLY GIRL LUNCH BOX,1,12/01/2010 11:49,1.95,17920.0,United Kingdom
536412,22629.0,SPACEBOY LUNCH BOX ,1,12/01/2010 11:49,1.95,17920.0,United Kingdom
536412,21245.0,GREEN POLKADOT PLATE ,1,12/01/2010 11:49,1.69,17920.0,United Kingdom
536412,21244.0,BLUE POLKADOT PLATE ,1,12/01/2010 11:49,1.69,17920.0,United Kingdom
536412,21242.0,RED RETROSPOT PLATE ,1,12/01/2010 11:49,1.69,17920.0,United Kingdom
536412,21243.0,PINK  POLKADOT PLATE ,1,12/01/2010 11:49,1.69,17920.0,United Kingdom
536412,22327.0,ROUND SNACK BOXES SET OF 4 SKULLS,1,12/01/2010 11:49,2.95,17920.0,United Kingdom
536412,22273.0,FELTCRAFT DOLL MOLLY,1,12/01/2010 11:49,2.95,17920.0,United Kingdom
536412,22940.0,FELTCRAFT CHRISTMAS FAIRY,3,12/01/2010 11:49,4.25,17920.0,United Kingdom
536412,22652.0,TRAVEL SEWING KIT,5,12/01/2010 11:49,1.65,17920.0,United Kingdom
536412,22759.0,SET OF 3 NOTEBOOKS IN PARCEL,1,12/01/2010 11:49,1.65,17920.0,United Kingdom
536412,21880.0,RED RETROSPOT TAPE,10,12/01/2010 11:49,0.65,17920.0,United Kingdom
536412,21738.0,COSY SLIPPER SHOES SMALL  RED ,1,12/01/2010 11:49,2.95,17920.0,United Kingdom
536412,22077.0,6 RIBBONS RUSTIC CHARM,1,12/01/2010 11:49,1.65,17920.0,United Kingdom
536412,85049.0,SCANDINAVIAN REDS RIBBONS,3,12/01/2010 11:49,1.25,17920.0,United Kingdom
536412,22961.0,JAM MAKING SET PRINTED,24,12/01/2010 11:49,1.45,17920.0,United Kingdom
536412,21448.0,12 DAISY PEGS IN WOOD BOX,2,12/01/2010 11:49,1.65,17920.0,United Kingdom
536412,22837.0,HOT WATER BOTTLE BABUSHKA ,3,12/01/2010 11:49,4.65,17920.0,United Kingdom
536412,22749.0,FELTCRAFT PRINCESS CHARLOTTE DOLL,2,12/01/2010 11:49,3.75,17920.0,United Kingdom
536412,22940.0,FELTCRAFT CHRISTMAS FAIRY,1,12/01/2010 11:49,4.25,17920.0,United Kingdom
536412,22749.0,FELTCRAFT PRINCESS CHARLOTTE DOLL,1,12/01/2010 11:49,3.75,17920.0,United Kingdom
536412,22077.0,6 RIBBONS RUSTIC CHARM,2,12/01/2010 11:49,1.65,17920.0,United Kingdom
536412,21738.0,COSY SLIPPER SHOES SMALL  RED ,2,12/01/2010 11:49,2.95,17920.0,United Kingdom
536412,85049.0,SCANDINAVIAN REDS RIBBONS,1,12/01/2010 11:49,1.25,17920.0,United Kingdom
536412,22243.0,5 HOOK HANGER RED MAGIC TOADSTOOL,6,12/01/2010 11:49,1.65,17920.0,United Kingdom
536412,22141.0,CHRISTMAS CRAFT TREE TOP ANGEL,1,12/01/2010 11:49,2.1,17920.0,United Kingdom
536412,22144.0,CHRISTMAS CRAFT LITTLE FRIENDS,2,12/01/2010 11:49,2.1,17920.0,United Kingdom
536412,22243.0,5 HOOK HANGER RED MAGIC TOADSTOOL,3,12/01/2010 11:49,1.65,17920.0,United Kingdom
536412,22077.0,6 RIBBONS RUSTIC CHARM,7,12/01/2010 11:49,1.65,17920.0,United Kingdom
536412,21448.0,12 DAISY PEGS IN WOOD BOX,1,12/01/2010 11:49,1.65,17920.0,United Kingdom
536412,22759.0,SET OF 3 NOTEBOOKS IN PARCEL,5,12/01/2010 11:49,1.65,17920.0,United Kingdom
536412,22242.0,5 HOOK HANGER MAGIC TOADSTOOL,5,12/01/2010 11:49,1.65,17920.0,United Kingdom
536412,85049.0,SCANDINAVIAN REDS RIBBONS,12,12/01/2010 11:49,1.25,17920.0,United Kingdom
536412,21731.0,RED TOADSTOOL LED NIGHT LIGHT,5,12/01/2010 11:49,1.65,17920.0,United Kingdom
536412,22243.0,5 HOOK HANGER RED MAGIC TOADSTOOL,1,12/01/2010 11:49,1.65,17920.0,United Kingdom
536412,21739.0,COSY SLIPPER SHOES SMALL GREEN,2,12/01/2010 11:49,2.95,17920.0,United Kingdom
536412,21738.0,COSY SLIPPER SHOES SMALL  RED ,5,12/01/2010 11:49,2.95,17920.0,United Kingdom
536412,22271.0,FELTCRAFT DOLL ROSIE,2,12/01/2010 11:49,2.95,17920.0,United Kingdom
536412,22273.0,FELTCRAFT DOLL MOLLY,1,12/01/2010 11:49,2.95,17920.0,United Kingdom
536412,22274.0,FELTCRAFT DOLL EMILY,2,12/01/2010 11:49,2.95,17920.0,United Kingdom
536412,22749.0,FELTCRAFT PRINCESS CHARLOTTE DOLL,1,12/01/2010 11:49,3.75,17920.0,United Kingdom
536412,22751.0,FELTCRAFT PRINCESS OLIVIA DOLL,2,12/01/2010 11:49,3.75,17920.0,United Kingdom
536412,21034.0,REX CASH+CARRY JUMBO SHOPPER,1,12/01/2010 11:49,0.95,17920.0,United Kingdom
536412,22273.0,FELTCRAFT DOLL MOLLY,2,12/01/2010 11:49,2.95,17920.0,United Kingdom
536412,22568.0,FELTCRAFT CUSHION OWL,3,12/01/2010 11:49,3.75,17920.0,United Kingdom
536412,22141.0,CHRISTMAS CRAFT TREE TOP ANGEL,1,12/01/2010 11:49,2.1,17920.0,United Kingdom
536412,22144.0,CHRISTMAS CRAFT LITTLE FRIENDS,1,12/01/2010 11:49,2.1,17920.0,United Kingdom
536412,22570.0,FELTCRAFT CUSHION RABBIT,3,12/01/2010 11:49,3.75,17920.0,United Kingdom
536412,22569.0,FELTCRAFT CUSHION BUTTERFLY,2,12/01/2010 11:49,3.75,17920.0,United Kingdom
536412,21448.0,12 DAISY PEGS IN WOOD BOX,1,12/01/2010 11:49,1.65,17920.0,United Kingdom
536412,22086.0,PAPER CHAIN KIT 50'S CHRISTMAS ,1,12/01/2010 11:49,2.95,17920.0,United Kingdom
536412,22569.0,FELTCRAFT CUSHION BUTTERFLY,2,12/01/2010 11:49,3.75,17920.0,United Kingdom
536412,21448.0,12 DAISY PEGS IN WOOD BOX,2,12/01/2010 11:49,1.65,17920.0,United Kingdom
536412,22968.0,ROSE COTTAGE KEEPSAKE BOX ,4,12/01/2010 11:49,9.95,17920.0,United Kingdom
536412,22902.0,TOTE BAG I LOVE LONDON,7,12/01/2010 11:49,2.1,17920.0,United Kingdom
536412,21448.0,12 DAISY PEGS IN WOOD BOX,2,12/01/2010 11:49,1.65,17920.0,United Kingdom
536412,22902.0,TOTE BAG I LOVE LONDON,7,12/01/2010 11:49,2.1,17920.0,United Kingdom
536412,21710.0,FOLDING UMBRELLA PINKWHITE POLKADOT,1,12/01/2010 11:49,4.95,17920.0,United Kingdom
536412,21708.0,FOLDING UMBRELLA CREAM POLKADOT,1,12/01/2010 11:49,4.95,17920.0,United Kingdom
536412,21711.0,FOLDING UMBRELLA WHITE/RED POLKADOT,1,12/01/2010 11:49,4.95,17920.0,United Kingdom
536412,22179.0,SET 10 LIGHTS NIGHT OWL,2,12/01/2010 11:49,6.75,17920.0,United Kingdom
536412,22197.0,SMALL POPCORN HOLDER,5,12/01/2010 11:49,0.85,17920.0,United Kingdom
536412,22900.0, SET 2 TEA TOWELS I LOVE LONDON ,2,12/01/2010 11:49,2.95,17920.0,United Kingdom
536412,21706.0,FOLDING UMBRELLA RED/WHITE POLKADOT,1,12/01/2010 11:49,4.95,17920.0,United Kingdom
536412,22468.0,BABUSHKA LIGHTS STRING OF 10,2,12/01/2010 11:49,6.75,17920.0,United Kingdom
536412,20725.0,LUNCH BAG RED RETROSPOT,1,12/01/2010 11:49,1.65,17920.0,United Kingdom
536412,85184.0,S/4 VALENTINE DECOUPAGE HEART BOX,1,12/01/2010 11:49,2.95,17920.0,United Kingdom
536412,21708.0,FOLDING UMBRELLA CREAM POLKADOT,1,12/01/2010 11:49,4.95,17920.0,United Kingdom
536412,22900.0, SET 2 TEA TOWELS I LOVE LONDON ,2,12/01/2010 11:49,2.95,17920.0,United Kingdom
536412,21706.0,FOLDING UMBRELLA RED/WHITE POLKADOT,1,12/01/2010 11:49,4.95,17920.0,United Kingdom
536412,22988.0,SOLDIERS EGG CUP ,6,12/01/2010 11:49,1.25,17920.0,United Kingdom
536412,85184.0,S/4 VALENTINE DECOUPAGE HEART BOX,1,12/01/2010 11:49,2.95,17920.0,United Kingdom
536412,20750.0,RED RETROSPOT MINI CASES,1,12/01/2010 11:49,7.95,17920.0,United Kingdom
536414,22139.0,,56,12/01/2010 11:52,0.0,,United Kingdom
536415,22952.0,60 CAKE CASES VINTAGE CHRISTMAS,10,12/01/2010 11:57,0.55,12838.0,United Kingdom
536415,22910.0,PAPER CHAIN KIT VINTAGE CHRISTMAS,5,12/01/2010 11:57,2.95,12838.0,United Kingdom
536415,22739.0,RIBBON REEL CHRISTMAS SOCK BAUBLE,3,12/01/2010 11:57,1.65,12838.0,United Kingdom
536415,22738.0,RIBBON REEL SNOWY VILLAGE,3,12/01/2010 11:57,1.65,12838.0,United Kingdom
536415,22736.0,RIBBON REEL MAKING SNOWMEN ,3,12/01/2010 11:57,1.65,12838.0,United Kingdom
536415,22909.0,SET OF 20 VINTAGE CHRISTMAS NAPKINS,5,12/01/2010 11:57,0.85,12838.0,United Kingdom
536415,35591.0,TURQUOISE CHRISTMAS TREE ,2,12/01/2010 11:57,1.25,12838.0,United Kingdom
536415,22186.0,RED STAR CARD HOLDER,5,12/01/2010 11:57,2.95,12838.0,United Kingdom
536415,22695.0,WICKER WREATH SMALL,3,12/01/2010 11:57,1.45,12838.0,United Kingdom
536415,22470.0,HEART OF WICKER LARGE,1,12/01/2010 11:57,2.95,12838.0,United Kingdom
536415,22580.0,ADVENT CALENDAR GINGHAM SACK,1,12/01/2010 11:57,5.95,12838.0,United Kingdom
536415,22469.0,HEART OF WICKER SMALL,5,12/01/2010 11:57,1.65,12838.0,United Kingdom
536415,22147.0,FELTCRAFT BUTTERFLY HEARTS,4,12/01/2010 11:57,1.45,12838.0,United Kingdom
536415,22130.0,PARTY CONE CHRISTMAS DECORATION ,6,12/01/2010 11:57,0.85,12838.0,United Kingdom
536415,21791.0,VINTAGE HEADS AND TAILS CARD GAME ,3,12/01/2010 11:57,1.25,12838.0,United Kingdom
536415,22694.0,WICKER STAR ,5,12/01/2010 11:57,2.1,12838.0,United Kingdom
536415,21790.0,VINTAGE SNAP CARDS,3,12/01/2010 11:57,0.85,12838.0,United Kingdom
536415,22149.0,FELTCRAFT 6 FLOWER FRIENDS,4,12/01/2010 11:57,2.1,12838.0,United Kingdom
536415,22900.0, SET 2 TEA TOWELS I LOVE LONDON ,3,12/01/2010 11:57,2.95,12838.0,United Kingdom
536415,22961.0,JAM MAKING SET PRINTED,3,12/01/2010 11:57,1.45,12838.0,United Kingdom
536415,22321.0,BIRD DECORATION RED RETROSPOT,12,12/01/2010 11:57,0.85,12838.0,United Kingdom
536415,22594.0,CHRISTMAS GINGHAM TREE,5,12/01/2010 11:57,0.85,12838.0,United Kingdom
536415,22593.0,CHRISTMAS GINGHAM STAR,4,12/01/2010 11:57,0.85,12838.0,United Kingdom
536415,22595.0,CHRISTMAS GINGHAM HEART,6,12/01/2010 11:57,0.85,12838.0,United Kingdom
536415,21986.0,PACK OF 12 PINK POLKADOT TISSUES,12,12/01/2010 11:57,0.29,12838.0,United Kingdom
536415,22750.0,FELTCRAFT PRINCESS LOLA DOLL,2,12/01/2010 11:57,3.75,12838.0,United Kingdom
536415,22616.0,PACK OF 12 LONDON TISSUES ,12,12/01/2010 11:57,0.29,12838.0,United Kingdom
536415,22775.0,PURPLE DRAWERKNOB ACRYLIC EDWARDIAN,1,12/01/2010 11:57,1.25,12838.0,United Kingdom
536415,22899.0,CHILDREN'S APRON DOLLY GIRL ,2,12/01/2010 11:57,2.1,12838.0,United Kingdom
536415,22367.0,CHILDRENS APRON SPACEBOY DESIGN,3,12/01/2010 11:57,1.95,12838.0,United Kingdom
536415,22942.0,CHRISTMAS LIGHTS 10 SANTAS ,3,12/01/2010 11:57,8.5,12838.0,United Kingdom
536415,22941.0,CHRISTMAS LIGHTS 10 REINDEER,3,12/01/2010 11:57,8.5,12838.0,United Kingdom
536415,22086.0,PAPER CHAIN KIT 50'S CHRISTMAS ,6,12/01/2010 11:57,2.95,12838.0,United Kingdom
536415,22940.0,FELTCRAFT CHRISTMAS FAIRY,2,12/01/2010 11:57,4.25,12838.0,United Kingdom
536415,21212.0,PACK OF 72 RETROSPOT CAKE CASES,2,12/01/2010 11:57,0.55,12838.0,United Kingdom
536415,21976.0,PACK OF 60 MUSHROOM CAKE CASES,2,12/01/2010 11:57,0.55,12838.0,United Kingdom
536415,22951.0,60 CAKE CASES DOLLY GIRL DESIGN,2,12/01/2010 11:57,0.55,12838.0,United Kingdom
536415,21977.0,PACK OF 60 PINK PAISLEY CAKE CASES,3,12/01/2010 11:57,0.55,12838.0,United Kingdom
536415,22834.0,HAND WARMER BABUSHKA DESIGN,3,12/01/2010 11:57,2.1,12838.0,United Kingdom
536415,22867.0,HAND WARMER BIRD DESIGN,3,12/01/2010 11:57,2.1,12838.0,United Kingdom
536415,22865.0,HAND WARMER OWL DESIGN,3,12/01/2010 11:57,2.1,12838.0,United Kingdom
536415,22632.0,HAND WARMER RED RETROSPOT,3,12/01/2010 11:57,2.1,12838.0,United Kingdom
536415,21916.0,SET 12 RETRO WHITE CHALK STICKS,2,12/01/2010 11:57,0.42,12838.0,United Kingdom
536415,22587.0,FELTCRAFT HAIRBAND RED AND BLUE,4,12/01/2010 11:57,0.85,12838.0,United Kingdom
536415,22566.0,FELTCRAFT HAIRBAND PINK AND PURPLE,3,12/01/2010 11:57,0.85,12838.0,United Kingdom
536415,22565.0,FELTCRAFT HAIRBANDS PINK AND WHITE ,3,12/01/2010 11:57,0.85,12838.0,United Kingdom
536415,22472.0,TV DINNER TRAY DOLLY GIRL,2,12/01/2010 11:57,4.95,12838.0,United Kingdom
536415,22557.0,PLASTERS IN TIN VINTAGE PAISLEY ,3,12/01/2010 11:57,1.65,12838.0,United Kingdom
536415,22551.0,PLASTERS IN TIN SPACEBOY,3,12/01/2010 11:57,1.65,12838.0,United Kingdom
536415,22554.0,PLASTERS IN TIN WOODLAND ANIMALS,3,12/01/2010 11:57,1.65,12838.0,United Kingdom
536415,22534.0,MAGIC DRAWING SLATE SPACEBOY ,3,12/01/2010 11:57,0.42,12838.0,United Kingdom
536415,22531.0,MAGIC DRAWING SLATE CIRCUS PARADE  ,3,12/01/2010 11:57,0.42,12838.0,United Kingdom
536415,22529.0,MAGIC DRAWING SLATE GO TO THE FAIR ,3,12/01/2010 11:57,0.42,12838.0,United Kingdom
536415,22530.0,MAGIC DRAWING SLATE DOLLY GIRL ,3,12/01/2010 11:57,0.42,12838.0,United Kingdom
536415,84032.0,CHARLIE + LOLA RED HOT WATER BOTTLE,3,12/01/2010 11:57,2.95,12838.0,United Kingdom
536415,22837.0,HOT WATER BOTTLE BABUSHKA ,3,12/01/2010 11:57,4.65,12838.0,United Kingdom
536415,85049.0,URBAN BLACK RIBBONS ,2,12/01/2010 11:57,1.25,12838.0,United Kingdom
536415,22749.0,FELTCRAFT PRINCESS CHARLOTTE DOLL,2,12/01/2010 11:57,3.75,12838.0,United Kingdom
536415,22807.0,SET OF 6 T-LIGHTS TOADSTOOLS,12,12/01/2010 11:57,2.95,12838.0,United Kingdom
536416,21494.0,ROTATING LEAVES T-LIGHT HOLDER,12,12/01/2010 11:58,1.25,13255.0,United Kingdom
536416,21915.0,RED  HARMONICA IN BOX ,72,12/01/2010 11:58,1.25,13255.0,United Kingdom
536416,22938.0,CUPCAKE LACE PAPER SET 6,12,12/01/2010 11:58,1.95,13255.0,United Kingdom
536416,22768.0,FAMILY PHOTO FRAME CORNICE,4,12/01/2010 11:58,9.95,13255.0,United Kingdom
536416,22767.0,TRIPLE PHOTO FRAME CORNICE ,4,12/01/2010 11:58,9.95,13255.0,United Kingdom
536416,82494.0,WOODEN FRAME ANTIQUE WHITE ,6,12/01/2010 11:58,2.95,13255.0,United Kingdom
536420,21889.0,WOODEN BOX OF DOMINOES,12,12/01/2010 12:03,1.25,16583.0,United Kingdom
536420,21892.0,TRADITIONAL WOODEN CATCH CUP GAME ,12,12/01/2010 12:03,1.25,16583.0,United Kingdom
536420,21891.0,TRADITIONAL WOODEN SKIPPING ROPE,12,12/01/2010 12:03,1.25,16583.0,United Kingdom
536420,21890.0,S/6 WOODEN SKITTLES IN COTTON BAG,6,12/01/2010 12:03,2.95,16583.0,United Kingdom
536420,21718.0,RED METAL BEACH SPADE ,12,12/01/2010 12:03,1.25,16583.0,United Kingdom
536420,21716.0,BOYS VINTAGE TIN SEASIDE BUCKET,8,12/01/2010 12:03,2.55,16583.0,United Kingdom
536420,21715.0,GIRLS VINTAGE TIN SEASIDE BUCKET,8,12/01/2010 12:03,2.55,16583.0,United Kingdom
536420,22113.0,GREY HEART HOT WATER BOTTLE,4,12/01/2010 12:03,3.75,16583.0,United Kingdom
536420,22111.0,SCOTTIE DOG HOT WATER BOTTLE,3,12/01/2010 12:03,4.95,16583.0,United Kingdom
536420,22110.0,BIRD HOUSE HOT WATER BOTTLE,6,12/01/2010 12:03,2.55,16583.0,United Kingdom
536420,22358.0,KINGS CHOICE TEA CADDY ,6,12/01/2010 12:03,2.95,16583.0,United Kingdom
536420,22357.0,KINGS CHOICE BISCUIT TIN,4,12/01/2010 12:03,4.25,16583.0,United Kingdom
536420,22115.0,METAL SIGN EMPIRE TEA,6,12/01/2010 12:03,2.95,16583.0,United Kingdom
536420,22969.0,HOMEMADE JAM SCENTED CANDLES,12,12/01/2010 12:03,1.45,16583.0,United Kingdom
536423,22619.0,SET OF 6 SOLDIER SKITTLES,4,12/01/2010 12:08,3.75,18085.0,United Kingdom
536423,21481.0,FAWN BLUE HOT WATER BOTTLE,6,12/01/2010 12:08,2.95,18085.0,United Kingdom
536423,22632.0,HAND WARMER RED RETROSPOT,12,12/01/2010 12:08,2.1,18085.0,United Kingdom
536423,22837.0,HOT WATER BOTTLE BABUSHKA ,8,12/01/2010 12:08,4.65,18085.0,United Kingdom
536423,21479.0,WHITE SKULL HOT WATER BOTTLE ,8,12/01/2010 12:08,3.75,18085.0,United Kingdom
536423,21485.0,RETROSPOT HEART HOT WATER BOTTLE,8,12/01/2010 12:08,4.95,18085.0,United Kingdom
536423,84029.0,RED WOOLLY HOTTIE WHITE HEART.,8,12/01/2010 12:08,3.75,18085.0,United Kingdom
536423,22111.0,SCOTTIE DOG HOT WATER BOTTLE,16,12/01/2010 12:08,4.95,18085.0,United Kingdom
536423,22113.0,GREY HEART HOT WATER BOTTLE,8,12/01/2010 12:08,3.75,18085.0,United Kingdom
536425,22837.0,HOT WATER BOTTLE BABUSHKA ,8,12/01/2010 12:08,4.65,13758.0,United Kingdom
536425,22585.0,PACK OF 6 BIRDY GIFT TAGS,12,12/01/2010 12:08,1.25,13758.0,United Kingdom
536425,79321.0,CHILLI LIGHTS,8,12/01/2010 12:08,4.95,13758.0,United Kingdom
536425,22637.0,PIGGY BANK RETROSPOT ,12,12/01/2010 12:08,2.55,13758.0,United Kingdom
536425,21556.0,CERAMIC STRAWBERRY MONEY BOX,6,12/01/2010 12:08,2.55,13758.0,United Kingdom
536425,22646.0,CERAMIC STRAWBERRY CAKE MONEY BANK,12,12/01/2010 12:08,1.45,13758.0,United Kingdom
536425,22644.0,CERAMIC CHERRY CAKE MONEY BANK,12,12/01/2010 12:08,1.45,13758.0,United Kingdom
536425,22645.0,CERAMIC HEART FAIRY CAKE MONEY BANK,12,12/01/2010 12:08,1.45,13758.0,United Kingdom
536425,22650.0,CERAMIC PIRATE CHEST MONEY BANK,12,12/01/2010 12:08,1.45,13758.0,United Kingdom
536425,22508.0,DOORSTOP RETROSPOT HEART,8,12/01/2010 12:08,3.75,13758.0,United Kingdom
536425,21411.0,GINGHAM HEART  DOORSTOP RED,3,12/01/2010 12:08,4.25,13758.0,United Kingdom
536425,22511.0,RETROSPOT BABUSHKA DOORSTOP,4,12/01/2010 12:08,3.75,13758.0,United Kingdom
536425,22451.0,SILK PURSE BABUSHKA RED,6,12/01/2010 12:08,3.35,13758.0,United Kingdom
536425,22449.0,SILK PURSE BABUSHKA PINK,6,12/01/2010 12:08,3.35,13758.0,United Kingdom
536425,22768.0,FAMILY PHOTO FRAME CORNICE,2,12/01/2010 12:08,9.95,13758.0,United Kingdom
536425,22829.0,SWEETHEART WIRE WALL TIDY,2,12/01/2010 12:08,9.95,13758.0,United Kingdom
536425,22961.0,JAM MAKING SET PRINTED,12,12/01/2010 12:08,1.45,13758.0,United Kingdom
536437,21154.0,RED RETROSPOT OVEN GLOVE ,200,12/01/2010 12:12,1.06,13694.0,United Kingdom
536437,22189.0,CREAM HEART CARD HOLDER,72,12/01/2010 12:12,3.39,13694.0,United Kingdom
536437,17021.0,NAMASTE SWAGAT INCENSE,600,12/01/2010 12:12,0.24,13694.0,United Kingdom
536437,22059.0,CERAMIC STRAWBERRY DESIGN MUG,48,12/01/2010 12:12,1.25,13694.0,United Kingdom
536437,22188.0,BLACK HEART CARD HOLDER,36,12/01/2010 12:12,3.39,13694.0,United Kingdom
536437,84678.0,CLASSICAL ROSE SMALL VASE,48,12/01/2010 12:12,1.25,13694.0,United Kingdom
536446,85172.0,HYACINTH BULB T-LIGHT CANDLES,32,12/01/2010 12:15,0.42,15983.0,United Kingdom
536446,22142.0,CHRISTMAS CRAFT WHITE FAIRY ,2,12/01/2010 12:15,1.45,15983.0,United Kingdom
536446,22144.0,CHRISTMAS CRAFT LITTLE FRIENDS,2,12/01/2010 12:15,2.1,15983.0,United Kingdom
536446,21591.0,COSY HOUR CIGAR BOX MATCHES ,6,12/01/2010 12:15,1.25,15983.0,United Kingdom
536446,22480.0,RED TEA TOWEL CLASSIC DESIGN,12,12/01/2010 12:15,1.25,15983.0,United Kingdom
536446,22294.0,HEART FILIGREE DOVE  SMALL,48,12/01/2010 12:15,1.25,15983.0,United Kingdom
536446,21156.0,RETROSPOT CHILDRENS APRON,1,12/01/2010 12:15,1.95,15983.0,United Kingdom
536446,10133.0,COLOURING PENCILS BROWN TUBE,5,12/01/2010 12:15,0.85,15983.0,United Kingdom
536446,72800.0,4 IVORY DINNER CANDLES SILVER FLOCK,6,12/01/2010 12:15,2.55,15983.0,United Kingdom
536446,22294.0,HEART FILIGREE DOVE  SMALL,24,12/01/2010 12:15,1.25,15983.0,United Kingdom
536446,84836.0,ZINC METAL HEART DECORATION,12,12/01/2010 12:15,1.25,15983.0,United Kingdom
536446,20774.0,GREEN FERN NOTEBOOK,2,12/01/2010 12:15,1.65,15983.0,United Kingdom
536446,20773.0,BLUE PAISLEY NOTEBOOK,2,12/01/2010 12:15,1.65,15983.0,United Kingdom
536446,20777.0,CHRYSANTHEMUM NOTEBOOK,2,12/01/2010 12:15,1.65,15983.0,United Kingdom
536446,16016.0,LARGE CHINESE STYLE SCISSOR,10,12/01/2010 12:15,0.85,15983.0,United Kingdom
536446,16014.0,SMALL CHINESE STYLE SCISSOR,10,12/01/2010 12:15,0.42,15983.0,United Kingdom
536446,21890.0,S/6 WOODEN SKITTLES IN COTTON BAG,2,12/01/2010 12:15,2.95,15983.0,United Kingdom
536446,21891.0,TRADITIONAL WOODEN SKIPPING ROPE,2,12/01/2010 12:15,1.25,15983.0,United Kingdom
536446,22619.0,SET OF 6 SOLDIER SKITTLES,8,12/01/2010 12:15,3.75,15983.0,United Kingdom
536446,22620.0,4 TRADITIONAL SPINNING TOPS,6,12/01/2010 12:15,1.25,15983.0,United Kingdom
536446,84347.0,ROTATING SILVER ANGELS T-LIGHT HLDR,12,12/01/2010 12:15,2.55,15983.0,United Kingdom
536446,85169.0,BLACK LOVE BIRD CANDLE,24,12/01/2010 12:15,1.25,15983.0,United Kingdom
536446,21156.0,RETROSPOT CHILDRENS APRON,3,12/01/2010 12:15,1.95,15983.0,United Kingdom
536446,21651.0,HANGING GLASS ETCHED TEALIGHT,6,12/01/2010 12:15,1.65,15983.0,United Kingdom
536446,21651.0,HANGING GLASS ETCHED TEALIGHT,6,12/01/2010 12:15,1.65,15983.0,United Kingdom
536446,84625.0,BLUE NEW BAROQUE CANDLESTICK CANDLE,10,12/01/2010 12:15,2.95,15983.0,United Kingdom
536446,22618.0,COOKING SET RETROSPOT,2,12/01/2010 12:15,9.95,15983.0,United Kingdom
536446,21586.0,KINGS CHOICE GIANT TUBE MATCHES,4,12/01/2010 12:15,2.55,15983.0,United Kingdom
536446,21587.0,COSY HOUR GIANT TUBE MATCHES,4,12/01/2010 12:15,2.55,15983.0,United Kingdom
536446,22152.0,PLACE SETTING WHITE STAR,24,12/01/2010 12:15,0.42,15983.0,United Kingdom
536446,85172.0,HYACINTH BULB T-LIGHT CANDLES,16,12/01/2010 12:15,0.42,15983.0,United Kingdom
536446,84754.0,S/15 SILVER GLASS BAUBLES IN BAG,24,12/01/2010 12:15,1.25,15983.0,United Kingdom
536460,22670.0,FRENCH WC SIGN BLUE METAL,12,12/01/2010 12:22,1.25,14849.0,United Kingdom
536460,21586.0,KINGS CHOICE GIANT TUBE MATCHES,12,12/01/2010 12:22,2.55,14849.0,United Kingdom
536460,84992.0,72 SWEETHEART FAIRY CAKE CASES,24,12/01/2010 12:22,0.55,14849.0,United Kingdom
536460,84879.0,ASSORTED COLOUR BIRD ORNAMENT,24,12/01/2010 12:22,1.69,14849.0,United Kingdom
536460,84849.0,FAIRY SOAP SOAP HOLDER,12,12/01/2010 12:22,1.69,14849.0,United Kingdom
536460,22927.0,GREEN GIANT GARDEN THERMOMETER,2,12/01/2010 12:22,5.95,14849.0,United Kingdom
536460,22926.0,IVORY GIANT GARDEN THERMOMETER,4,12/01/2010 12:22,5.95,14849.0,United Kingdom
536460,22925.0,BLUE GIANT GARDEN THERMOMETER,2,12/01/2010 12:22,5.95,14849.0,United Kingdom
536460,21977.0,PACK OF 60 PINK PAISLEY CAKE CASES,24,12/01/2010 12:22,0.55,14849.0,United Kingdom
536460,21485.0,RETROSPOT HEART HOT WATER BOTTLE,6,12/01/2010 12:22,4.95,14849.0,United Kingdom
536460,21484.0,CHICK GREY HOT WATER BOTTLE,8,12/01/2010 12:22,3.45,14849.0,United Kingdom
536460,21259.0,VICTORIAN SEWING BOX SMALL ,2,12/01/2010 12:22,5.95,14849.0,United Kingdom
536460,21257.0,VICTORIAN SEWING BOX MEDIUM,2,12/01/2010 12:22,7.95,14849.0,United Kingdom
536460,21121.0,SET/10 RED POLKADOT PARTY CANDLES,24,12/01/2010 12:22,1.25,14849.0,United Kingdom
536463,82552.0,WASHROOM METAL SIGN,12,12/01/2010 12:22,1.45,14849.0,United Kingdom
536464,90200.0,BLACK SWEETHEART BRACELET,2,12/01/2010 12:23,4.25,17968.0,United Kingdom
536464,90059.0,DIAMANTE HAIR GRIP PACK/2 BLACK DIA,2,12/01/2010 12:23,1.65,17968.0,United Kingdom
536464,90185.0,BLACK DIAMANTE EXPANDABLE RING,2,12/01/2010 12:23,4.25,17968.0,United Kingdom
536464,90059.0,DIAMANTE HAIR GRIP PACK/2 RUBY,3,12/01/2010 12:23,1.65,17968.0,United Kingdom
536464,90059.0,DIAMANTE HAIR GRIP PACK/2 MONTANA,1,12/01/2010 12:23,1.65,17968.0,United Kingdom
536464,90200.0,BLUE SWEETHEART BRACELET,1,12/01/2010 12:23,4.25,17968.0,United Kingdom
536464,90200.0,PINK SWEETHEART BRACELET,3,12/01/2010 12:23,4.25,17968.0,United Kingdom
536464,90200.0,PURPLE SWEETHEART BRACELET,1,12/01/2010 12:23,4.25,17968.0,United Kingdom
536464,22386.0,JUMBO BAG PINK POLKADOT,1,12/01/2010 12:23,1.95,17968.0,United Kingdom
536464,85099.0,JUMBO BAG RED RETROSPOT,1,12/01/2010 12:23,1.95,17968.0,United Kingdom
536464,84879.0,ASSORTED COLOUR BIRD ORNAMENT,8,12/01/2010 12:23,1.69,17968.0,United Kingdom
536464,22086.0,PAPER CHAIN KIT 50'S CHRISTMAS ,1,12/01/2010 12:23,2.95,17968.0,United Kingdom
536464,22737.0,RIBBON REEL CHRISTMAS PRESENT ,1,12/01/2010 12:23,1.65,17968.0,United Kingdom
536464,21260.0,FIRST AID TIN,1,12/01/2010 12:23,3.25,17968.0,United Kingdom
536464,22744.0,MAKE YOUR OWN MONSOON CARD KIT,2,12/01/2010 12:23,2.95,17968.0,United Kingdom
536464,21985.0,PACK OF 12 HEARTS DESIGN TISSUES ,1,12/01/2010 12:23,0.29,17968.0,United Kingdom
536464,21980.0,PACK OF 12 RED RETROSPOT TISSUES ,1,12/01/2010 12:23,0.29,17968.0,United Kingdom
536464,22988.0,SOLDIERS EGG CUP ,1,12/01/2010 12:23,1.25,17968.0,United Kingdom
536464,22297.0,HEART IVORY TRELLIS SMALL,1,12/01/2010 12:23,1.25,17968.0,United Kingdom
536464,22294.0,HEART FILIGREE DOVE  SMALL,1,12/01/2010 12:23,1.25,17968.0,United Kingdom
536464,22295.0,HEART FILIGREE DOVE LARGE,1,12/01/2010 12:23,1.65,17968.0,United Kingdom
536464,22813.0,PACK 3 BOXES BIRD PANNETONE ,2,12/01/2010 12:23,1.95,17968.0,United Kingdom
536464,22812.0,PACK 3 BOXES CHRISTMAS PANNETONE,6,12/01/2010 12:23,1.95,17968.0,United Kingdom
536464,22197.0,SMALL POPCORN HOLDER,5,12/01/2010 12:23,0.85,17968.0,United Kingdom
536464,21977.0,PACK OF 60 PINK PAISLEY CAKE CASES,1,12/01/2010 12:23,0.55,17968.0,United Kingdom
536464,22619.0,SET OF 6 SOLDIER SKITTLES,1,12/01/2010 12:23,3.75,17968.0,United Kingdom
536464,16258.0,SWIRLY CIRCULAR RUBBERS IN BAG,1,12/01/2010 12:23,0.42,17968.0,United Kingdom
536464,21992.0,VINTAGE PAISLEY STATIONERY SET,1,12/01/2010 12:23,2.95,17968.0,United Kingdom
536464,22910.0,PAPER CHAIN KIT VINTAGE CHRISTMAS,1,12/01/2010 12:23,2.95,17968.0,United Kingdom
536464,21124.0,SET/10 BLUE POLKADOT PARTY CANDLES,1,12/01/2010 12:23,1.25,17968.0,United Kingdom
536464,22735.0,RIBBON REEL SOCKS AND MITTENS,2,12/01/2010 12:23,1.65,17968.0,United Kingdom
536464,22952.0,60 CAKE CASES VINTAGE CHRISTMAS,2,12/01/2010 12:23,0.55,17968.0,United Kingdom
536464,22945.0,CHRISTMAS METAL TAGS ASSORTED ,6,12/01/2010 12:23,0.85,17968.0,United Kingdom
536464,21816.0,CHRISTMAS TREE T-LIGHT HOLDER,2,12/01/2010 12:23,1.45,17968.0,United Kingdom
536464,21815.0,STAR  T-LIGHT HOLDER ,4,12/01/2010 12:23,1.45,17968.0,United Kingdom
536464,21814.0,HEART T-LIGHT HOLDER ,2,12/01/2010 12:23,1.45,17968.0,United Kingdom
536464,10125.0,MINI FUNKY DESIGN TAPES,2,12/01/2010 12:23,0.85,17968.0,United Kingdom
536464,22810.0,SET OF 6 T-LIGHTS SNOWMEN,1,12/01/2010 12:23,2.95,17968.0,United Kingdom
536464,22573.0,STAR WOODEN CHRISTMAS DECORATION,1,12/01/2010 12:23,0.85,17968.0,United Kingdom
536464,22577.0,WOODEN HEART CHRISTMAS SCANDINAVIAN,1,12/01/2010 12:23,0.85,17968.0,United Kingdom
536464,22603.0,CHRISTMAS RETROSPOT TREE WOOD,2,12/01/2010 12:23,0.85,17968.0,United Kingdom
536464,22809.0,SET OF 6 T-LIGHTS SANTA,1,12/01/2010 12:23,2.95,17968.0,United Kingdom
536464,20878.0,SET/9 CHRISTMAS T-LIGHTS SCENTED ,1,12/01/2010 12:23,1.25,17968.0,United Kingdom
536464,20866.0,BLUE ROSE FABRIC MIRROR,1,12/01/2010 12:23,1.25,17968.0,United Kingdom
536464,85095.0,THREE CANVAS LUGGAGE TAGS,1,12/01/2010 12:23,1.95,17968.0,United Kingdom
536464,22333.0,RETROSPOT PARTY BAG + STICKER SET,1,12/01/2010 12:23,1.65,17968.0,United Kingdom
536464,22557.0,PLASTERS IN TIN VINTAGE PAISLEY ,1,12/01/2010 12:23,1.65,17968.0,United Kingdom
536464,21584.0,RETROSPOT SMALL TUBE MATCHES,1,12/01/2010 12:23,1.65,17968.0,United Kingdom
536464,22866.0,HAND WARMER SCOTTY DOG DESIGN,1,12/01/2010 12:23,2.1,17968.0,United Kingdom
536464,22731.0,3D CHRISTMAS STAMPS STICKERS ,2,12/01/2010 12:23,1.25,17968.0,United Kingdom
536464,22866.0,HAND WARMER SCOTTY DOG DESIGN,1,12/01/2010 12:23,2.1,17968.0,United Kingdom
536464,22866.0,HAND WARMER SCOTTY DOG DESIGN,3,12/01/2010 12:23,2.1,17968.0,United Kingdom
536464,22558.0,CLOTHES PEGS RETROSPOT PACK 24 ,2,12/01/2010 12:23,1.49,17968.0,United Kingdom
536464,22956.0,36 FOIL HEART CAKE CASES,1,12/01/2010 12:23,2.1,17968.0,United Kingdom
536464,22945.0,CHRISTMAS METAL TAGS ASSORTED ,6,12/01/2010 12:23,0.85,17968.0,United Kingdom
536464,22582.0,PACK OF 6 SWEETIE GIFT BOXES,1,12/01/2010 12:23,2.55,17968.0,United Kingdom
536464,21212.0,PACK OF 72 RETROSPOT CAKE CASES,1,12/01/2010 12:23,0.55,17968.0,United Kingdom
536464,21212.0,PACK OF 72 RETROSPOT CAKE CASES,2,12/01/2010 12:23,0.55,17968.0,United Kingdom
536464,22585.0,PACK OF 6 BIRDY GIFT TAGS,3,12/01/2010 12:23,1.25,17968.0,United Kingdom
536464,21121.0,SET/10 RED POLKADOT PARTY CANDLES,1,12/01/2010 12:23,1.25,17968.0,United Kingdom
536464,21122.0,SET/10 PINK POLKADOT PARTY CANDLES,1,12/01/2010 12:23,1.25,17968.0,United Kingdom
536464,22759.0,SET OF 3 NOTEBOOKS IN PARCEL,1,12/01/2010 12:23,1.65,17968.0,United Kingdom
536464,21815.0,STAR  T-LIGHT HOLDER ,1,12/01/2010 12:23,1.45,17968.0,United Kingdom
536464,85231.0,CINAMMON SET OF 9 T-LIGHTS,3,12/01/2010 12:23,0.85,17968.0,United Kingdom
536464,85231.0,ORANGE SCENTED SET/9 T-LIGHTS,5,12/01/2010 12:23,0.85,17968.0,United Kingdom
536464,22082.0,RIBBON REEL STRIPES DESIGN ,5,12/01/2010 12:23,1.65,17968.0,United Kingdom
536464,22500.0,SET OF 2 TINS JARDIN DE PROVENCE,2,12/01/2010 12:23,4.95,17968.0,United Kingdom
536464,22742.0,MAKE YOUR OWN PLAYTIME CARD KIT,1,12/01/2010 12:23,2.95,17968.0,United Kingdom
536464,21329.0,DINOSAURS  WRITING SET ,1,12/01/2010 12:23,1.65,17968.0,United Kingdom
536464,21328.0,BALLOONS  WRITING SET ,1,12/01/2010 12:23,1.65,17968.0,United Kingdom
536464,21327.0,SKULLS WRITING SET ,1,12/01/2010 12:23,1.65,17968.0,United Kingdom
536464,21992.0,VINTAGE PAISLEY STATIONERY SET,1,12/01/2010 12:23,2.95,17968.0,United Kingdom
536464,21738.0,COSY SLIPPER SHOES SMALL  RED ,1,12/01/2010 12:23,2.95,17968.0,United Kingdom
536464,48173.0,DOORMAT BLACK FLOCK ,1,12/01/2010 12:23,7.95,17968.0,United Kingdom
536464,85099.0,JUMBO  BAG BAROQUE BLACK WHITE,1,12/01/2010 12:23,1.95,17968.0,United Kingdom
536464,22960.0,JAM MAKING SET WITH JARS,1,12/01/2010 12:23,4.25,17968.0,United Kingdom
536464,85231.0,ORANGE SCENTED SET/9 T-LIGHTS,1,12/01/2010 12:23,0.85,17968.0,United Kingdom
536464,85231.0,CINAMMON SET OF 9 T-LIGHTS,2,12/01/2010 12:23,0.85,17968.0,United Kingdom
536464,22866.0,HAND WARMER SCOTTY DOG DESIGN,1,12/01/2010 12:23,2.1,17968.0,United Kingdom
536464,72818.0,CHRISTMAS DECOUPAGE CANDLE,1,12/01/2010 12:23,0.85,17968.0,United Kingdom
536464,21814.0,HEART T-LIGHT HOLDER ,8,12/01/2010 12:23,1.45,17968.0,United Kingdom
536464,22441.0,GROW YOUR OWN BASIL IN ENAMEL MUG,1,12/01/2010 12:23,2.1,17968.0,United Kingdom
536464,22312.0,OFFICE MUG WARMER POLKADOT,1,12/01/2010 12:23,2.95,17968.0,United Kingdom
536464,22197.0,SMALL POPCORN HOLDER,6,12/01/2010 12:23,0.85,17968.0,United Kingdom
536464,22663.0,JUMBO BAG DOLLY GIRL DESIGN,1,12/01/2010 12:23,1.95,17968.0,United Kingdom
536466,22960.0,JAM MAKING SET WITH JARS,6,12/01/2010 12:23,4.25,14849.0,United Kingdom
536466,22961.0,JAM MAKING SET PRINTED,12,12/01/2010 12:23,1.45,14849.0,United Kingdom
536477,21314.0,SMALL GLASS HEART TRINKET POT,48,12/01/2010 12:27,1.85,16210.0,United Kingdom
536477,84029.0,RED WOOLLY HOTTIE WHITE HEART.,24,12/01/2010 12:27,3.39,16210.0,United Kingdom
536477,21137.0,BLACK RECORD COVER FRAME,480,12/01/2010 12:27,3.39,16210.0,United Kingdom
536477,22041.0,"RECORD FRAME 7"" SINGLE SIZE ",48,12/01/2010 12:27,2.1,16210.0,United Kingdom
536477,20979.0,36 PENCILS TUBE RED RETROSPOT,16,12/01/2010 12:27,1.25,16210.0,United Kingdom
536477,20977.0,36 PENCILS TUBE WOODLAND,16,12/01/2010 12:27,1.25,16210.0,United Kingdom
536477,22619.0,SET OF 6 SOLDIER SKITTLES,4,12/01/2010 12:27,3.75,16210.0,United Kingdom
536477,22571.0,ROCKING HORSE RED CHRISTMAS ,96,12/01/2010 12:27,0.72,16210.0,United Kingdom
536477,22595.0,CHRISTMAS GINGHAM HEART,144,12/01/2010 12:27,0.72,16210.0,United Kingdom
536477,22593.0,CHRISTMAS GINGHAM STAR,144,12/01/2010 12:27,0.72,16210.0,United Kingdom
536477,22633.0,HAND WARMER UNION JACK,12,12/01/2010 12:27,2.1,16210.0,United Kingdom
536477,22632.0,HAND WARMER RED RETROSPOT,12,12/01/2010 12:27,2.1,16210.0,United Kingdom
536477,22423.0,REGENCY CAKESTAND 3 TIER,16,12/01/2010 12:27,10.95,16210.0,United Kingdom
536477,22411.0,JUMBO SHOPPER VINTAGE RED PAISLEY,10,12/01/2010 12:27,1.95,16210.0,United Kingdom
536488,22738.0,RIBBON REEL SNOWY VILLAGE,5,12/01/2010 12:31,1.65,17897.0,United Kingdom
536488,21621.0,VINTAGE UNION JACK BUNTING,1,12/01/2010 12:31,8.5,17897.0,United Kingdom
536488,22960.0,JAM MAKING SET WITH JARS,8,12/01/2010 12:31,4.25,17897.0,United Kingdom
536488,22082.0,RIBBON REEL STRIPES DESIGN ,5,12/01/2010 12:31,1.65,17897.0,United Kingdom
536488,47563.0,RETRO LONGBOARD IRONING BOARD COVER,1,12/01/2010 12:31,3.75,17897.0,United Kingdom
536488,84558.0,3D DOG PICTURE PLAYING CARDS,1,12/01/2010 12:31,2.95,17897.0,United Kingdom
536488,21592.0,RETROSPOT CIGAR BOX MATCHES ,1,12/01/2010 12:31,1.25,17897.0,United Kingdom
536488,20878.0,SET/9 CHRISTMAS T-LIGHTS SCENTED ,2,12/01/2010 12:31,1.25,17897.0,United Kingdom
536488,84347.0,ROTATING SILVER ANGELS T-LIGHT HLDR,1,12/01/2010 12:31,2.55,17897.0,United Kingdom
536488,84347.0,ROTATING SILVER ANGELS T-LIGHT HLDR,1,12/01/2010 12:31,2.55,17897.0,United Kingdom
536488,21577.0,SAVE THE PLANET COTTON TOTE BAG,1,12/01/2010 12:31,2.25,17897.0,United Kingdom
536488,22909.0,SET OF 20 VINTAGE CHRISTMAS NAPKINS,1,12/01/2010 12:31,0.85,17897.0,United Kingdom
536488,22087.0,PAPER BUNTING WHITE LACE,1,12/01/2010 12:31,2.95,17897.0,United Kingdom
536488,22651.0,GENTLEMAN SHIRT REPAIR KIT ,2,12/01/2010 12:31,0.85,17897.0,United Kingdom
536488,22713.0,CARD I LOVE LONDON ,12,12/01/2010 12:31,0.42,17897.0,United Kingdom
536488,22910.0,PAPER CHAIN KIT VINTAGE CHRISTMAS,1,12/01/2010 12:31,2.95,17897.0,United Kingdom
536488,21370.0,MIRRORED WALL ART FOXY,2,12/01/2010 12:31,6.35,17897.0,United Kingdom
536488,21367.0,MIRRORED WALL ART GENTS,1,12/01/2010 12:31,2.55,17897.0,United Kingdom
536488,22376.0,AIRLINE BAG VINTAGE JET SET WHITE,1,12/01/2010 12:31,4.25,17897.0,United Kingdom
536488,22961.0,JAM MAKING SET PRINTED,1,12/01/2010 12:31,1.45,17897.0,United Kingdom
536488,21895.0,POTTING SHED SOW 'N' GROW SET,1,12/01/2010 12:31,4.25,17897.0,United Kingdom
536488,22468.0,BABUSHKA LIGHTS STRING OF 10,1,12/01/2010 12:31,6.75,17897.0,United Kingdom
536488,21034.0,REX CASH+CARRY JUMBO SHOPPER,1,12/01/2010 12:31,0.95,17897.0,United Kingdom
536488,22372.0,AIRLINE BAG VINTAGE WORLD CHAMPION ,1,12/01/2010 12:31,4.25,17897.0,United Kingdom
536488,22867.0,HAND WARMER BIRD DESIGN,1,12/01/2010 12:31,2.1,17897.0,United Kingdom
536488,22144.0,CHRISTMAS CRAFT LITTLE FRIENDS,1,12/01/2010 12:31,2.1,17897.0,United Kingdom
536488,21190.0,PINK HEARTS PAPER GARLAND,1,12/01/2010 12:31,1.65,17897.0,United Kingdom
536488,21894.0,POTTING SHED SEED ENVELOPES,3,12/01/2010 12:31,1.25,17897.0,United Kingdom
536488,70007.0,HI TEC ALPINE HAND WARMER,3,12/01/2010 12:31,1.65,17897.0,United Kingdom
536488,22940.0,FELTCRAFT CHRISTMAS FAIRY,1,12/01/2010 12:31,4.25,17897.0,United Kingdom
536488,70007.0,HI TEC ALPINE HAND WARMER,1,12/01/2010 12:31,1.65,17897.0,United Kingdom
536488,84347.0,ROTATING SILVER ANGELS T-LIGHT HLDR,3,12/01/2010 12:31,2.55,17897.0,United Kingdom
536488,22150.0,3 STRIPEY MICE FELTCRAFT,1,12/01/2010 12:31,1.95,17897.0,United Kingdom
536488,22149.0,FELTCRAFT 6 FLOWER FRIENDS,2,12/01/2010 12:31,2.1,17897.0,United Kingdom
536488,22144.0,CHRISTMAS CRAFT LITTLE FRIENDS,2,12/01/2010 12:31,2.1,17897.0,United Kingdom
536500,21622.0,VINTAGE UNION JACK CUSHION COVER,10,12/01/2010 12:35,4.95,17377.0,United Kingdom
536500,46000.0,POLYESTER FILLER PAD 45x45cm,10,12/01/2010 12:35,1.55,17377.0,United Kingdom
536500,22630.0,DOLLY GIRL LUNCH BOX,2,12/01/2010 12:35,1.95,17377.0,United Kingdom
536500,22616.0,PACK OF 12 LONDON TISSUES ,12,12/01/2010 12:35,0.29,17377.0,United Kingdom
536500,22712.0,CARD DOLLY GIRL ,12,12/01/2010 12:35,0.42,17377.0,United Kingdom
536500,22983.0,CARD BILLBOARD FONT,12,12/01/2010 12:35,0.42,17377.0,United Kingdom
536500,22024.0,RAINY LADIES BIRTHDAY CARD,12,12/01/2010 12:35,0.42,17377.0,United Kingdom
536500,22113.0,GREY HEART HOT WATER BOTTLE,3,12/01/2010 12:35,3.75,17377.0,United Kingdom
536500,84029.0,RED WOOLLY HOTTIE WHITE HEART.,2,12/01/2010 12:35,3.75,17377.0,United Kingdom
536500,21488.0,RED WHITE SCARF  HOT WATER BOTTLE,2,12/01/2010 12:35,3.95,17377.0,United Kingdom
536500,22900.0, SET 2 TEA TOWELS I LOVE LONDON ,7,12/01/2010 12:35,2.95,17377.0,United Kingdom
536500,22895.0,SET OF 2 TEA TOWELS APPLE AND PEARS,3,12/01/2010 12:35,2.95,17377.0,United Kingdom
536500,21035.0,SET/2 RED RETROSPOT TEA TOWELS ,3,12/01/2010 12:35,2.95,17377.0,United Kingdom
536500,21755.0,LOVE BUILDING BLOCK WORD,6,12/01/2010 12:35,5.95,17377.0,United Kingdom
536500,21754.0,HOME BUILDING BLOCK WORD,6,12/01/2010 12:35,5.95,17377.0,United Kingdom
536502,84879.0,ASSORTED COLOUR BIRD ORNAMENT,16,12/01/2010 12:36,1.69,16552.0,United Kingdom
536502,22784.0,LANTERN CREAM GAZEBO ,3,12/01/2010 12:36,4.95,16552.0,United Kingdom
536502,21441.0,BLUE BIRDHOUSE DECORATION,12,12/01/2010 12:36,0.85,16552.0,United Kingdom
536502,85123.0,WHITE HANGING HEART T-LIGHT HOLDER,6,12/01/2010 12:36,2.95,16552.0,United Kingdom
536502,22423.0,REGENCY CAKESTAND 3 TIER,2,12/01/2010 12:36,12.75,16552.0,United Kingdom
536508,84947.0,ANTIQUE SILVER TEA GLASS ENGRAVED,72,12/01/2010 12:38,1.06,17181.0,United Kingdom
536508,21326.0,AGED GLASS SILVER T-LIGHT HOLDER,144,12/01/2010 12:38,0.55,17181.0,United Kingdom
536506,22960.0,JAM MAKING SET WITH JARS,-6,12/01/2010 12:38,4.25,17897.0,United Kingdom
536514,22865.0,HAND WARMER OWL DESIGN,36,12/01/2010 12:40,2.1,17951.0,United Kingdom
536514,22485.0,SET OF 2 WOODEN MARKET CRATES,4,12/01/2010 12:40,12.75,17951.0,United Kingdom
536514,22807.0,SET OF 6 T-LIGHTS TOADSTOOLS,6,12/01/2010 12:40,2.95,17951.0,United Kingdom
536514,22633.0,HAND WARMER UNION JACK,36,12/01/2010 12:40,2.1,17951.0,United Kingdom
536514,22866.0,HAND WARMER SCOTTY DOG DESIGN,36,12/01/2010 12:40,2.1,17951.0,United Kingdom
536520,21794.0,CLASSIC FRENCH STYLE BASKET NATURAL,1,12/01/2010 12:43,6.75,14729.0,United Kingdom
536520,20707.0,CRAZY DAISY HEART DECORATION,1,12/01/2010 12:43,1.25,14729.0,United Kingdom
536520,21175.0,GIN + TONIC DIET METAL SIGN,1,12/01/2010 12:43,2.1,14729.0,United Kingdom
536520,22926.0,IVORY GIANT GARDEN THERMOMETER,1,12/01/2010 12:43,5.95,14729.0,United Kingdom
536520,22588.0,CARD HOLDER GINGHAM HEART,2,12/01/2010 12:43,2.55,14729.0,United Kingdom
536520,21292.0,SMALL STRIPES CHOCOLATE GIFT BAG ,16,12/01/2010 12:43,0.85,14729.0,United Kingdom
536520,21890.0,S/6 WOODEN SKITTLES IN COTTON BAG,1,12/01/2010 12:43,2.95,14729.0,United Kingdom
536520,22632.0,HAND WARMER RED RETROSPOT,4,12/01/2010 12:43,2.1,14729.0,United Kingdom
536520,22633.0,HAND WARMER UNION JACK,3,12/01/2010 12:43,2.1,14729.0,United Kingdom
536520,22670.0,FRENCH WC SIGN BLUE METAL,1,12/01/2010 12:43,1.25,14729.0,United Kingdom
536520,21867.0,PINK UNION JACK  LUGGAGE TAG,1,12/01/2010 12:43,1.25,14729.0,United Kingdom
536520,22760.0,"TRAY, BREAKFAST IN BED",1,12/01/2010 12:43,12.75,14729.0,United Kingdom
536520,22107.0,PIZZA PLATE IN BOX,2,12/01/2010 12:43,3.75,14729.0,United Kingdom
536520,22470.0,HEART OF WICKER LARGE,1,12/01/2010 12:43,2.95,14729.0,United Kingdom
536520,21486.0,PINK HEART DOTS HOT WATER BOTTLE,1,12/01/2010 12:43,3.75,14729.0,United Kingdom
536520,22151.0,PLACE SETTING WHITE HEART,14,12/01/2010 12:43,0.42,14729.0,United Kingdom
536520,22643.0,SET OF 4 NAPKIN CHARMS LEAVES   ,4,12/01/2010 12:43,2.55,14729.0,United Kingdom
536520,22642.0,SET OF 4 NAPKIN CHARMS STARS   ,4,12/01/2010 12:43,2.55,14729.0,United Kingdom
536520,22604.0,SET OF 4 NAPKIN CHARMS CUTLERY,3,12/01/2010 12:43,2.55,14729.0,United Kingdom
536520,22099.0,CARAVAN SQUARE TISSUE BOX,2,12/01/2010 12:43,1.25,14729.0,United Kingdom
536520,22553.0,PLASTERS IN TIN SKULLS,1,12/01/2010 12:43,1.65,14729.0,United Kingdom
536520,22551.0,PLASTERS IN TIN SPACEBOY,1,12/01/2010 12:43,1.65,14729.0,United Kingdom
536520,22653.0,BUTTON BOX ,1,12/01/2010 12:43,1.95,14729.0,United Kingdom
536520,22557.0,PLASTERS IN TIN VINTAGE PAISLEY ,2,12/01/2010 12:43,1.65,14729.0,United Kingdom
536520,22906.0,12 MESSAGE CARDS WITH ENVELOPES,6,12/01/2010 12:43,1.65,14729.0,United Kingdom
536520,22754.0,SMALL RED BABUSHKA NOTEBOOK ,1,12/01/2010 12:43,0.85,14729.0,United Kingdom
536520,22938.0,CUPCAKE LACE PAPER SET 6,5,12/01/2010 12:43,1.95,14729.0,United Kingdom
536520,22812.0,PACK 3 BOXES CHRISTMAS PANNETONE,3,12/01/2010 12:43,1.95,14729.0,United Kingdom
536520,22919.0,HERB MARKER MINT,2,12/01/2010 12:43,0.65,14729.0,United Kingdom
536520,22917.0,HERB MARKER ROSEMARY,1,12/01/2010 12:43,0.65,14729.0,United Kingdom
536520,22920.0,HERB MARKER BASIL,3,12/01/2010 12:43,0.65,14729.0,United Kingdom
536520,22921.0,HERB MARKER CHIVES ,2,12/01/2010 12:43,0.65,14729.0,United Kingdom
536520,22918.0,HERB MARKER PARSLEY,2,12/01/2010 12:43,0.65,14729.0,United Kingdom
536520,22916.0,HERB MARKER THYME,1,12/01/2010 12:43,0.65,14729.0,United Kingdom
536520,85123.0,WHITE HANGING HEART T-LIGHT HOLDER,3,12/01/2010 12:43,2.95,14729.0,United Kingdom
536520,22575.0,METAL MERRY CHRISTMAS WREATH,1,12/01/2010 12:43,1.95,14729.0,United Kingdom
536520,21804.0,WHITE CHRISTMAS GARLAND STARS TREES,3,12/01/2010 12:43,3.75,14729.0,United Kingdom
536520,21584.0,RETROSPOT SMALL TUBE MATCHES,12,12/01/2010 12:43,1.65,14729.0,United Kingdom
536520,21588.0,RETROSPOT GIANT TUBE MATCHES,3,12/01/2010 12:43,2.55,14729.0,United Kingdom
536520,22152.0,PLACE SETTING WHITE STAR,12,12/01/2010 12:43,0.42,14729.0,United Kingdom
536520,22441.0,GROW YOUR OWN BASIL IN ENAMEL MUG,1,12/01/2010 12:43,2.1,14729.0,United Kingdom
536520,22955.0,36 FOIL STAR CAKE CASES ,2,12/01/2010 12:43,2.1,14729.0,United Kingdom
536520,22956.0,36 FOIL HEART CAKE CASES,2,12/01/2010 12:43,2.1,14729.0,United Kingdom
536520,22582.0,PACK OF 6 SWEETIE GIFT BOXES,2,12/01/2010 12:43,2.55,14729.0,United Kingdom
536520,22583.0,PACK OF 6 HANDBAG GIFT BOXES,3,12/01/2010 12:43,2.55,14729.0,United Kingdom
536520,22241.0,GARLAND WOODEN HAPPY EASTER,2,12/01/2010 12:43,1.25,14729.0,United Kingdom
536520,22904.0,CALENDAR PAPER CUT DESIGN,3,12/01/2010 12:43,2.95,14729.0,United Kingdom
536520,22905.0,CALENDAR IN SEASON DESIGN,2,12/01/2010 12:43,2.95,14729.0,United Kingdom
536520,22197.0,SMALL POPCORN HOLDER,3,12/01/2010 12:43,0.85,14729.0,United Kingdom
536520,22092.0,BLUE PAISLEY TISSUE BOX,1,12/01/2010 12:43,1.25,14729.0,United Kingdom
536520,22469.0,HEART OF WICKER SMALL,1,12/01/2010 12:43,1.65,14729.0,United Kingdom
536520,22100.0,SKULLS SQUARE TISSUE BOX,1,12/01/2010 12:43,1.25,14729.0,United Kingdom
536520,22096.0,PINK PAISLEY SQUARE TISSUE BOX ,1,12/01/2010 12:43,1.25,14729.0,United Kingdom
536520,22583.0,PACK OF 6 HANDBAG GIFT BOXES,1,12/01/2010 12:43,2.55,14729.0,United Kingdom
536520,21358.0,TOAST ITS - HAPPY BIRTHDAY,2,12/01/2010 12:43,1.25,14729.0,United Kingdom
